item_id,horizon,winner,beats_seasonal_naive,mean_actual_kl_h,mae_chronos2,mae_npts,rmse_chronos2,rmse_npts,mase_chronos2,mase_npts,rmsse_chronos2,rmsse_npts,pct_impr_mae,pct_impr_rmse,pct_impr_mase,pct_impr_rmsse
INFORMATION_CENTRE,6,NPTS,False,0.014084507042253521,0.014391377174728354,0.014084507042253521,0.05990282632513707,0.060000000000000005,1.663654071242914,1.6286789285961936,0.9980915598609619,0.9997177406386832,-2.1787779405713086,0.16195612477155896,-2.1474547274254063,0.1626639912064036
I&H_BLOCK,6,Chronos-2,False,0.43302816901408453,0.42744373198965907,0.432887323943662,1.585412035648757,1.6097220038185054,1.12610313610903,1.140413094793099,1.4739372530368664,1.4965960081956429,1.2575078208368506,1.510196674461885,1.2548048377737497,1.5140194838615657
GJBC_LAW_BLOCK_3__A1,6,Chronos-2,False,0.5150359712230216,0.27191149156299427,0.31424460431654677,0.9490661252521376,0.9893832102328438,1.1125076336673303,1.2843481344550847,0.8695406697690867,0.9063974824951158,13.471388902801735,4.074971615014355,13.379588927472673,4.0662968992996555
IT_BLOCK,6,Chronos-2,False,0.09190140845070423,0.06340652375678782,0.0678169014084507,0.11540619161134122,0.13796049648920988,1.0812145747886426,1.1564069116411217,0.7122155883689778,0.8511428133975836,6.503360607851811,16.3483790301035,6.502238623407181,16.322434125248314
NBX,6,NPTS,True,0.7847887323943662,0.3586004088378288,0.33598591549295775,0.6019177042173319,0.601429634815082,0.8453717719752546,0.7921864782431961,0.5854702826481452,0.5849703426962708,-6.730786113962874,-0.0811515386001795,-6.713734100840201,-0.08546415354495014
GJBC_LAW_BLOCK_3_A4_BOYS,6,Chronos-2,True,1.1424647887323942,0.5812268821454384,0.643661971830986,0.9365225653393964,1.042205813525562,0.702211206485257,0.7777148842765168,0.5847245378950855,0.6507194076559599,9.699981110883757,10.140343376963289,9.708400767139544,10.141832099122881
G_BLOCK,6,Chronos-2,True,0.9742957746478871,0.34794183114884614,0.35098591549295777,0.547860010092825,0.5464920137813183,0.6890182090462831,0.695155471038308,0.4785080550210003,0.4771526164139937,0.8672952986834902,-0.2503232027200599,0.8828617838334908,-0.28406814934670166
BE_BLOCK_OHT,6,Chronos-2,True,1.7737323943661973,0.6406146940043276,0.6698591549295774,0.9905514039424992,1.0209516411275936,0.6754155154054844,0.7062782315521716,0.6197546735166262,0.6388684855006695,4.36576266966513,2.977637329768018,4.369767432710044,2.9918226392188116
MM_BLOCK,6,Chronos-2,True,1.0646478873239438,0.25691986159539554,0.2661971830985915,0.40220754914317514,0.44453488907579997,0.5809488066875899,0.6019744225798266,0.5177810618727675,0.5723710883306249,3.4851313583434673,9.521713812075474,3.492775623610248,9.537523395368277
GJBC_BLOCK_2_A1,6,Chronos-2,True,0.42133802816901406,0.11615683079185622,0.16549295774647887,0.20244180627831526,0.29101086567972334,0.5576277581161962,0.7945255184559988,0.5727395752855651,0.8233643493357296,29.811617138537944,30.43496647265541,29.81625571953509,30.439109277971834
GJBC_LAW_BLOCK_3__A3_GIRLS,6,Chronos-2,True,0.3047887323943662,0.14078501080543224,0.21373239436619718,0.19432651799201897,0.302232305019141,0.5521689408024313,0.8385528648143277,0.4294700772678355,0.6681877419793872,34.13024206137931,35.70292957938038,34.152160946383205,35.72613649038116
GJBC_BLOCK_1_A3,6,Chronos-2,True,0.18105633802816903,0.08928040674244854,0.09492957746478874,0.12523971488978267,0.13041105111730802,0.5298517927871187,0.5634398866077889,0.4562831806107871,0.4752021980519314,5.950906844008219,3.9654125806206495,5.961255959866202,3.9812562986244444
MRD_BLOCK,6,Chronos-2,True,1.3928873239436619,0.6201959884334618,0.8430985915492957,1.2268123365888446,1.365547921810349,0.5150049306436355,0.7001806153082909,0.42740396916838574,0.4757041926948405,26.438497863722365,10.15970095268267,26.446845373335876,10.153415561220175
NEW_BLOCK,6,Chronos-2,True,0.17204225352112676,0.033934713555893434,0.03429577464788732,0.06229972108302819,0.06362854351072146,0.4911099349387236,0.49615745214084767,0.46843136201849495,0.47828864922885556,1.0527859355879268,2.0884061686393345,1.0173216547176172,2.0609494342492773
GJBC_BLOCK_1_A1_BOYS,6,Chronos-2,True,0.15492957746478872,0.06409562227381786,0.06781690140845072,0.09078771448092295,0.09593498385240165,0.4824741305887128,0.5105473454433624,0.42331022335229723,0.4473605693082022,5.487244414515734,5.365372635490204,5.498650635480376,5.376054039160495
F_BLOCK,6,Chronos-2,True,0.6871126760563381,0.27616014749231477,0.37514084507042267,0.5955831830678917,0.6879234931257735,0.47357544266409807,0.6434498037303484,0.49326134914813835,0.569901116911538,26.384942849805363,13.423049362409134,26.40056148613574,13.44790622252736
TECH_PARK,6,Chronos-2,True,0.3949295774647887,0.14748612266611044,0.22323943661971832,0.24145207775051844,0.34221935145026827,0.43041289559574614,0.6515133211341281,0.24221398057079682,0.34315439493241645,33.933661140101954,29.445229579424723,33.93643972674254,29.415451427192018
GJBC_LAW_BLOCK_3__A2,6,Chronos-2,True,0.3630985915492958,0.18305621465327035,0.306056338028169,0.39977516704084887,0.643230184632636,0.42944058626685794,0.7184556407956916,0.21892388180672342,0.3522256177814536,40.18871955645562,37.84881732980707,40.22726499979159,37.845553885135146
BE_BLOCK_RO,6,Chronos-2,True,0.009788732394366197,0.005576202258939894,0.009577464788732394,0.009721014749218273,0.01748238550132394,0.4225475212478323,0.7260496900809825,0.15631968633482737,0.2811281526500478,41.777888178715806,44.395375857132876,41.80184538048602,44.39557729765461
GJBC_BLOCK_1_A2_GIRLS,6,Chronos-2,True,0.15971830985915494,0.052616798248089534,0.05816901408450705,0.0764013142755538,0.08299838790221288,0.38645901662487325,0.4271799075202575,0.3569501698356006,0.38760822517828497,9.544971534761348,7.9484358592984075,9.532492090221536,7.90954715385177
CRICKET_GROUND_OHT,6,NPTS,True,0.013380281690140848,0.013651792134460012,0.013521126760563383,0.05309879825154585,0.053365600567628416,0.24179815390021406,0.23945436718235757,0.4133745114340275,0.41546690644534057,-0.9663793277771535,0.4999518664546028,-0.9788030786139563,0.5036249527586296
NEW_BLOCK_RO,6,NPTS,True,0.00028169014084507044,0.00039114543697534417,0.00028169014084507044,0.0016560473600642246,0.0016783627165933783,0.1936241287605506,0.1391715236196239,0.04976240261834077,0.05043180212444069,-38.85663012624717,1.3295908154137106,-39.12625494404561,1.3273360814039004
ME_WORKSHOP_BLOCK,6,Chronos-2,True,0.03492957746478873,0.025955958472381174,0.02612676056338028,0.036973756579607296,0.04060285149217693,0.15673233380123397,0.15777551799792858,0.05005062905444345,0.05498288327125494,0.6537438523415888,8.938029668356828,0.6611825522311411,8.97052668642074
GJBC_BLOCK_1_A4_RO,6,NPTS,True,0.0060563380281690145,0.006102367951411715,0.0060563380281690145,0.036598941075444216,0.03661755139851019,0.1023310111751752,0.10155471772825893,0.18448683507212918,0.18458146074194892,-0.7600289651701719,0.0508235050001984,-0.7644090439928931,0.05126499131569457
INFORMATION_CENTRE,24,NPTS,False,0.017304964539007095,0.017632003845911185,0.017304964539007095,0.07084189205017298,0.07106834189608026,2.0555751635355137,2.018188827619866,1.1878550912270682,1.191712232277045,-1.889858289896586,0.3186367373512173,-1.8524696700327663,0.3236637961336386
GJBC_LAW_BLOCK_3__A1,24,Chronos-2,False,0.6260071301247772,0.37538781821621503,0.39531194295900174,1.422436529104647,1.4455633150030853,1.5211433039948927,1.6020140352259962,1.2916720995202655,1.3125437530051483,5.040101898680319,1.5998459326140928,5.048066337302407,1.590168208647965
IT_BLOCK,24,Chronos-2,False,0.09443262411347518,0.06232919397136421,0.06868794326241134,0.1250264103651018,0.1434516252760011,1.0668461585201816,1.176374086306695,0.7738625293690301,0.8879057374545952,9.257446050982406,12.844200876392433,9.310637582164324,12.844067030414582
I&H_BLOCK,24,NPTS,True,0.3141134751773049,0.3164233963910147,0.3139893617021276,1.481807351944971,1.4915935240992273,0.8387650965558855,0.8323627852709609,1.4109027077762226,1.4199477135344725,-0.7751965466894335,0.6560884045246925,-0.7691731776355757,0.6369956916044048
NBX,24,NPTS,True,0.8031729055258466,0.35515430495488237,0.3468449197860962,0.8863350982801632,0.9018495552589998,0.8385348534936095,0.8191143416018167,0.8717737955868997,0.8871846449672869,-2.3957061772479356,1.7202932449615747,-2.37091586674151,1.73705095864857
BE_BLOCK_OHT,24,Chronos-2,True,1.9401241134751774,0.7158426820851387,0.7413829787234042,1.2171938513163387,1.2524418702270665,0.7550025248717124,0.7819167968415656,0.7621048409159092,0.7840740571116747,3.4449531984459156,2.814343703180203,3.4420889893361175,2.8019312712238316
GJBC_LAW_BLOCK_3_A4_BOYS,24,Chronos-2,True,1.280709219858156,0.5939409305736528,0.632145390070922,0.9754142140469311,1.0610035561200022,0.7172389504255989,0.7634644802054668,0.6089587136359469,0.6623980372933072,6.043619094174346,8.06682895447249,6.054706011657204,8.067554649727555
G_BLOCK,24,NPTS,True,1.0315248226950353,0.34944220378043805,0.34569148936170213,0.7759753710451118,0.7686384988041984,0.6925873148437515,0.6851429933045278,0.6805208947697226,0.6741138602746174,-1.0849889378709856,-0.9545283318917358,-1.0865354549301938,-0.9504380302305443
F_BLOCK,24,Chronos-2,True,0.709822695035461,0.36848560937541597,0.43445035460992903,0.8317583275358287,0.849839680333593,0.6320943415842472,0.7452653695707373,0.690558628992405,0.7053164615838784,15.183494393447894,2.1276192693975835,15.185332984367045,2.092370360721872
MRD_BLOCK,24,Chronos-2,True,1.388758865248227,0.7403120932088675,0.8470035460992908,1.3053598267156672,1.4087642968117948,0.615047817567103,0.7037177903370551,0.4543317445316767,0.49045015335809733,12.5963407569862,7.340083101917371,12.600217585444637,7.364338369377396
GJBC_BLOCK_1_A1_BOYS,24,Chronos-2,True,0.15852836879432625,0.07782898326767675,0.08143617021276597,0.11518601545225222,0.12031798884504474,0.5856847692232673,0.6128874040561653,0.5369453064123301,0.5608940004427764,4.4294653538652815,4.265341734893766,4.438439206429688,4.269736173241454
GJBC_BLOCK_1_A3,24,Chronos-2,True,0.1895390070921986,0.09871806556134359,0.105,0.14723454489371218,0.15386624936949447,0.585595378820858,0.6229448850944228,0.5363536975650908,0.5605341772601569,5.982794703482291,4.3100449273036565,5.995635756428688,4.313827894180906
GJBC_LAW_BLOCK_3__A3_GIRLS,24,Chronos-2,True,0.3408333333333334,0.14454703821886516,0.17570921985815602,0.20249352188294792,0.25428456165853314,0.5668995606109973,0.6890797136004944,0.4473140398690544,0.5619257109178116,17.735086220544947,20.367355154314474,17.730917131647416,20.396231890076404
GJBC_BLOCK_2_A1,24,Chronos-2,True,0.4049468085106383,0.11780056795541277,0.15590425531914895,0.2125667845941332,0.28240827293851267,0.5653909073670723,0.7483397736086187,0.6011040825011528,0.7987845757805968,24.440440888373935,24.730680733133376,24.447299568127534,24.74766029204615
BE_BLOCK_RO,24,Chronos-2,True,0.01148936170212766,0.007343089366199595,0.010372340425531914,0.013366117390732095,0.01919016444295144,0.555899752131092,0.7853527000870624,0.21401871529560712,0.30747732883750295,29.20508713612698,30.34912530079189,29.216547919238547,30.395286018400167
GJBC_BLOCK_1_A2_GIRLS,24,Chronos-2,True,0.1647340425531915,0.0732540366576707,0.07804964539007092,0.11793285999803942,0.12259603270107297,0.5380126759360251,0.5733309518363964,0.5512679182852966,0.5730449012680344,6.144305599894871,3.803689728201737,6.160189989262882,3.8002227983443615
MM_BLOCK,24,Chronos-2,True,1.1443617021276598,0.23676923800022043,0.23780141843971633,0.36331871690288886,0.3870757801444933,0.5352375483495482,0.5375858564765574,0.46739063815331383,0.4979929303100282,0.4340514225139358,6.137574206460565,0.4368247599370503,6.145125822903303
TECH_PARK,24,Chronos-2,True,0.40037234042553194,0.18035242630129164,0.22379432624113474,0.34583155082768385,0.3887851600938748,0.5259909957206631,0.652726489281266,0.3462447850235837,0.38912063313215534,19.411528732428703,11.048160700325992,19.416324546619002,11.018651918673742
NEW_BLOCK,24,Chronos-2,True,0.17489361702127657,0.035839806959984156,0.037960992907801416,0.06535282988316055,0.06827536028974901,0.518461551447448,0.5490161302206279,0.4908793628461872,0.5126623717266464,5.587804178276201,4.280505286512941,5.565333528707295,4.248997016709856
GJBC_LAW_BLOCK_3__A2,24,Chronos-2,True,0.4324468085106383,0.1704784379698706,0.23700354609929075,0.35467189259638376,0.5114058983897246,0.3993731757206316,0.5551476653600478,0.1937219897913166,0.27925075381938474,28.069245892865236,30.647672677779585,28.0600098603291,30.627943831223057
NEW_BLOCK_RO,24,NPTS,True,0.0003900709219858156,0.0004689336296852929,0.0003900709219858156,0.0019501814225367938,0.0019750213213679886,0.23353983252075872,0.19426360350801689,0.0589336679634121,0.059684980142765826,-20.217530519320537,1.257702818822715,-20.218007029361512,1.2587960615159672
ME_WORKSHOP_BLOCK,24,Chronos-2,True,0.037429078014184394,0.02640896702858996,0.027606382978723403,0.04924317631729478,0.05178207198175257,0.15937136393471432,0.16659036545902495,0.06646463987127435,0.06990869350987897,4.337460474471822,4.9030399273178285,4.333384769532925,4.926502650371987
CRICKET_GROUND_OHT,24,NPTS,True,0.008421985815602837,0.00876041615864011,0.008634751773049646,0.03446096097867915,0.03469982729329351,0.15529602759769767,0.15302766184608255,0.26836333025114034,0.270232673733049,-1.455332925524052,0.6883789725965745,-1.4823239957078356,0.6917533161646063
GJBC_BLOCK_1_A4_RO,24,NPTS,True,0.0040070921985815595,0.004039280416971528,0.0040070921985815595,0.019067060745055674,0.019102188801843535,0.06773673772909286,0.06719333310993704,0.09611754639811591,0.09629619033294438,-0.8032812022983233,0.1838954538260625,-0.8087180587793442,0.18551505953746328
INFORMATION_CENTRE,168,NPTS,False,0.015349589450111969,0.015761212986439992,0.015349589450111969,0.06518654824536943,0.06542243155740471,1.828493417635586,1.7806780756654128,1.0904044803685435,1.094393698409071,-2.6816582793034955,0.3605541806074629,-2.6852322507708393,0.3645139812415395
GJBC_LAW_BLOCK_3__A1,168,Chronos-2,False,0.6534518147684606,0.41569284696393977,0.43627284105131414,1.5740746990950283,1.5919969984437212,1.6862899179300648,1.7701926151387295,1.4305437720307514,1.446861508125014,4.717230171326151,1.12577469468932,4.739749589458619,1.127802212072716
IT_BLOCK,168,Chronos-2,False,0.09161731774073154,0.062048877977422444,0.06636974371734262,0.12748394668935653,0.14143208822961745,1.0634600737528574,1.1384217604875575,0.7897243363288329,0.8763829448583084,6.510294447304194,9.86207706812323,6.584702553699943,9.888212571672794
I&H_BLOCK,168,NPTS,True,0.30510077133615326,0.3083600382292914,0.3051555113212242,1.455757409554539,1.460407663945814,0.8180797011426186,0.8096533427617191,1.3939124058741477,1.3982029586418538,-1.0501291273399118,0.31842166444886016,-1.040736564139578,0.3068619431240378
BE_BLOCK_OHT,168,Chronos-2,True,1.8786290121920877,0.7210642366867274,0.7310251306295099,1.1734561409828645,1.2007683220855763,0.7605195261704695,0.7709758947753615,0.734490511463817,0.7515126738807218,1.3625925464703095,2.2745587637816813,1.3562510417966747,2.265053273021249
GJBC_LAW_BLOCK_3_A4_BOYS,168,Chronos-2,True,1.2819656631002738,0.6173658075193826,0.6582383677531725,1.0024236215909157,1.0876118001007242,0.7455654121894596,0.7949503691067616,0.6257641459390406,0.6789464441899238,6.20938587540924,7.8325904979993055,6.212332094743598,7.833062343280543
NBX,168,NPTS,True,0.7322611305652826,0.3111627469917367,0.2976688344172086,0.6475362400213808,0.6554336706702854,0.734624293035989,0.7028854915847597,0.6362734126106396,0.6442401993141463,-4.533196295456045,1.204916836333446,-4.515501007094268,1.236617446720662
G_BLOCK,168,NPTS,True,1.0174222443393879,0.3668366765898832,0.3608036825080866,0.7872919047433694,0.7827939605495204,0.7271086799157243,0.7151839659788722,0.6895639487990568,0.6856471260472841,-1.672098810039563,-0.574601289807016,-1.667363154671772,-0.5712592677742263
MRD_BLOCK,168,Chronos-2,True,1.4343468524508582,0.8408850719549669,0.866752923612839,1.3871654847733232,1.3943819848526129,0.6985250823513611,0.7200289241076581,0.4827838703212402,0.485305266910427,2.9844550797761986,0.5175411155396155,2.986524712593588,0.5195485730535446
GJBC_LAW_BLOCK_3__A3_GIRLS,168,Chronos-2,True,0.323018163722319,0.16917744140448218,0.18552625031102266,0.23496402239212227,0.26663724748561135,0.6630468052567543,0.7271410200799071,0.518379759236486,0.5886808208707137,8.812127059719453,11.878769898867288,8.814550830334033,11.942135558322736
GJBC_BLOCK_1_A1_BOYS,168,Chronos-2,True,0.15860413038069174,0.08271442577765634,0.08277432197063948,0.12040090626211884,0.121486705678568,0.6222481802228614,0.622764609560468,0.5609032648532891,0.5659996539815446,0.07236083794729553,0.8937598648217374,0.08292528664578772,0.9004226579300476
F_BLOCK,168,Chronos-2,True,0.712963423737248,0.3627728198487594,0.41773575516297584,0.7697005348959145,0.782167098192515,0.6221670245170426,0.7164139216041499,0.6384195714740697,0.6486742355981647,13.157345196073324,1.5938491053138182,13.15536929769251,1.5808650261311612
GJBC_BLOCK_1_A3,168,Chronos-2,True,0.18890768847972134,0.10469019337513459,0.10706145807414781,0.1533955125210871,0.15553197923999434,0.6207790904819117,0.6348996832962238,0.558380896752865,0.5661881787944114,2.214863071798394,1.3736510840709857,2.2240667598071377,1.3789200011506
GJBC_BLOCK_2_A1,168,Chronos-2,True,0.3998504859207575,0.12083206136907511,0.15885621729379518,0.21663618995159478,0.2872220592819274,0.5798502984753999,0.7623258546739872,0.612591917391339,0.8121361927373953,23.93620883871145,24.57536496563028,23.93668732075523,24.570297091854776
GJBC_BLOCK_1_A2_GIRLS,168,Chronos-2,True,0.16429957700920625,0.07881946833328277,0.0788156257775566,0.12344035333275659,0.12361177377006101,0.5786985937802012,0.5787206979001722,0.5764900390949508,0.5773027337955937,-0.0048753729837892525,0.1386764642851025,0.0038194797682644457,0.14077444173868872
BE_BLOCK_RO,168,Chronos-2,True,0.01094302065190346,0.007562393314736004,0.010079621796466784,0.013156914602631862,0.018170216163045337,0.5724516930577882,0.7631324467778756,0.21088697811856819,0.29149090399599337,24.973441787400645,27.590764553531013,24.986587128510436,27.652295413833258
MM_BLOCK,168,Chronos-2,True,1.1247001741726799,0.24666358234752436,0.25028614083105255,0.3780868509933131,0.40458635903954526,0.5575577492752173,0.56569999701944,0.48636086317278127,0.5204351621994796,1.4473667904662275,6.549777928534181,1.439322571525994,6.5472707268072465
NEW_BLOCK,168,Chronos-2,True,0.17475491415775066,0.036239670691916706,0.038442398606618564,0.0660592095196722,0.06890390552115805,0.524235979657118,0.5560203391103824,0.49608959003671915,0.5173488473399744,5.729944005946126,4.128497477711677,5.716402299980344,4.109269289486755
TECH_PARK,168,Chronos-2,True,0.39104005971634737,0.1784703980838223,0.2235108235879572,0.3438477102373833,0.38504395266508373,0.5204692135790714,0.6518536325339314,0.3438811462854166,0.3851922797026777,20.15133977903774,10.699101269494149,20.155509212111497,10.724808256579898
GJBC_LAW_BLOCK_3__A2,168,Chronos-2,True,0.41123413784523516,0.19047376694356544,0.25143816869868124,0.38523773766393893,0.5280032525328278,0.44568439437204843,0.5883593498957107,0.2099629850882585,0.2879184594641886,24.246279739721775,27.03875670917626,24.249628317957733,27.075538859510402
NEW_BLOCK_RO,168,NPTS,True,0.0003732271709380443,0.0004302059239936141,0.0003732271709380443,0.0019100806275272665,0.0019319088253280596,0.21423082075179364,0.18587092208946857,0.057730081594719575,0.058390782688840515,-15.26650723535568,1.1298772237393984,-15.25784579078706,1.1315160778744129
CRICKET_GROUND_OHT,168,NPTS,True,0.008621547648668822,0.008965363681666753,0.00869121672057726,0.03198390728405941,0.03214292230943998,0.15949164157064669,0.15460266758236255,0.24941023178937802,0.2506594501241847,-3.1542989883157047,0.4947124093127972,-3.1622830735954817,0.4983727260982196
ME_WORKSHOP_BLOCK,168,Chronos-2,True,0.03508584224931575,0.025346416937908917,0.026061209256033842,0.04425069722941261,0.04672930309882138,0.15294908682972036,0.15728163579943033,0.05974754280961567,0.0631099459824184,2.742744249135069,5.304178973452923,2.7546438894080114,5.3278498665479
GJBC_BLOCK_1_A4_RO,168,NPTS,True,0.0041602388653894,0.0041839825659931214,0.0041602388653894,0.020145117299494465,0.020169720283694275,0.0700659833288958,0.0696666906437413,0.10121512310561429,0.10134090437402021,-0.5707292627174425,0.1219797986970607,-0.5731471976993782,0.12411697841347978
