model,item_id,horizon,n_windows,mean_actual_kl_per_window,mae_kl_per_window,err_pct_of_window,bias_kl_per_window,bias_pct
Chronos2-COV,BE_BLOCK_OHT,24,24,45.59291666666667,8.104810231824716,17.77646797874242,-7.517025308509669,-16.487265694070903
Chronos2-COV,MRD_BLOCK,24,24,32.63583333333333,11.118746694227061,34.069136769584745,-7.486758165458838,-22.94030027972986
Chronos2-COV,GJBC_LAW_BLOCK_3_A4_BOYS,24,24,30.096666666666668,6.4848913607994705,21.54687571425231,-4.220811558564503,-14.024182828323747
Chronos2-COV,MM_BLOCK,24,24,26.8925,1.399465961356958,5.20392660168061,0.9212856250007949,3.425808775683908
Chronos2-COV,G_BLOCK,24,24,24.24083333333333,3.8125111461182435,15.727640604152402,1.1825946420927844,4.8785230517080045
Chronos2-COV,NBX,24,24,18.774166666666662,3.7111885037521515,19.767527207166687,-2.5884542261064047,-13.78731888378395
Chronos2-COV,F_BLOCK,24,24,16.680833333333336,5.035870406329631,30.18956131086355,-3.9542248632510506,-23.705199759710545
Chronos2-COV,GJBC_LAW_BLOCK_3__A1,24,24,14.632916666666668,6.0128303208450475,41.09112665516704,-5.333071335007747,-36.44571657512626
Chronos2-COV,GJBC_LAW_BLOCK_3__A2,24,24,10.1625,2.0939120253920556,20.604300372861555,0.961364529033502,9.45992156490531
Chronos2-COV,GJBC_BLOCK_2_A1,24,24,9.51625,1.260639252141118,13.247227134019369,-0.09105904770394145,-0.956879524013571
Chronos2-COV,TECH_PARK,24,24,9.40875,2.1759604108085235,23.12698722793701,0.11796059034764757,1.2537328587500738
Chronos2-COV,GJBC_LAW_BLOCK_3__A3_GIRLS,24,24,8.009583333333333,1.8449453207602104,23.034223429352885,0.6348520568758249,7.92615583676835
Chronos2-COV,I&H_BLOCK,24,24,7.381666666666665,7.100958119605977,96.19721995402094,-7.062996899858116,-95.6829564216498
Chronos2-COV,GJBC_BLOCK_1_A3,24,24,4.454166666666667,1.0639081969857216,23.885684497340804,-0.5709861775239309,-12.819147109985352
Chronos2-COV,NEW_BLOCK,24,24,4.11,0.28763513244688504,6.998421714036132,-0.15608212721844514,-3.797618667115453
Chronos2-COV,GJBC_BLOCK_1_A2_GIRLS,24,24,3.87125,0.836095967590809,21.59757100654334,-0.4866631585111221,-12.571214943781003
Chronos2-COV,GJBC_BLOCK_1_A1_BOYS,24,24,3.7254166666666664,0.774053522720933,20.777636221118883,-0.31813148734470215,-8.539487413346217
Chronos2-COV,IT_BLOCK,24,24,2.2191666666666667,0.8207513878556588,36.98466636976307,-0.7093484357558192,-31.964630976604695
Chronos2-COV,ME_WORKSHOP_BLOCK,24,24,0.8795833333333333,0.31575322900588315,35.898045931507326,-0.3121769386592011,-35.49145678740325
Chronos2-COV,INFORMATION_CENTRE,24,24,0.40666666666666673,0.3950440975123395,97.14199119155887,-0.39266772530352084,-96.55763736971822
Chronos2-COV,BE_BLOCK_RO,24,24,0.26999999999999996,0.10115199694875628,37.46370257361344,-0.06326355981174857,-23.430948078425395
Chronos2-COV,CRICKET_GROUND_OHT,24,24,0.19791666666666666,0.17879485234462966,90.33845171097077,-0.17704984728091708,-89.45676494193704
Chronos2-COV,GJBC_BLOCK_1_A4_RO,24,24,0.09416666666666666,0.09216450126608834,97.8738066542531,-0.09216450126608834,-97.87380665425312
Chronos2-COV,NEW_BLOCK_RO,24,24,0.009166666666666667,0.008965614048017111,97.80669870564121,-0.007169554880674695,-78.21332597099668
Chronos2-COV-LEAN,BE_BLOCK_OHT,24,24,45.59291666666667,7.9129187327623365,17.355587909881475,-7.3393822453419375,-16.09763704963367
Chronos2-COV-LEAN,MRD_BLOCK,24,24,32.63583333333333,11.176709022422633,34.246740103942905,-7.498913479745387,-22.977545580508302
Chronos2-COV-LEAN,GJBC_LAW_BLOCK_3_A4_BOYS,24,24,30.096666666666668,6.3585061016678806,21.126944628423573,-4.045430615842342,-13.441457356880083
Chronos2-COV-LEAN,MM_BLOCK,24,24,26.8925,1.3443837553262714,4.999102929538984,0.8111442557970685,3.0162471164713898
Chronos2-COV-LEAN,G_BLOCK,24,24,24.24083333333333,3.93932979931434,16.250801881045096,1.4124359104037285,5.826680506323608
Chronos2-COV-LEAN,NBX,24,24,18.774166666666662,3.7707724421223,20.084899154630747,-2.746299493511517,-14.628076666580057
Chronos2-COV-LEAN,F_BLOCK,24,24,16.680833333333336,5.13271216755112,30.770118404662757,-3.990297878632943,-23.921454035867168
Chronos2-COV-LEAN,GJBC_LAW_BLOCK_3__A1,24,24,14.632916666666668,6.015198171238104,41.10730832589609,-5.410723103930553,-36.976381586700434
Chronos2-COV-LEAN,GJBC_LAW_BLOCK_3__A2,24,24,10.1625,2.0415797764559587,20.089345893785573,0.9554205340643724,9.40143206951412
Chronos2-COV-LEAN,GJBC_BLOCK_2_A1,24,24,9.51625,1.281929438536366,13.470951672521908,-0.019471609319249555,-0.20461431046104878
Chronos2-COV-LEAN,TECH_PARK,24,24,9.40875,2.229527987341086,23.69632509463091,0.19834695890545836,2.108111692897126
Chronos2-COV-LEAN,GJBC_LAW_BLOCK_3__A3_GIRLS,24,24,8.009583333333333,1.8131046025951703,22.63669066341574,0.5774202379584312,7.2091170530106385
Chronos2-COV-LEAN,I&H_BLOCK,24,24,7.381666666666665,7.056983723168571,95.60149545949749,-6.994174097503223,-94.75060868146161
Chronos2-COV-LEAN,GJBC_BLOCK_1_A3,24,24,4.454166666666667,1.042346448947986,23.401604092377607,-0.5224412757903337,-11.729270925133779
Chronos2-COV-LEAN,NEW_BLOCK,24,24,4.11,0.2898430359487732,7.0521419938874255,-0.11922045204788445,-2.9007409257392807
Chronos2-COV-LEAN,GJBC_BLOCK_1_A2_GIRLS,24,24,3.87125,0.8261342442408205,21.34024525000505,-0.437273091164728,-11.295397898992006
Chronos2-COV-LEAN,GJBC_BLOCK_1_A1_BOYS,24,24,3.7254166666666664,0.7603957011674841,20.41102430155421,-0.2878619288032254,-7.726972700231977
Chronos2-COV-LEAN,IT_BLOCK,24,24,2.2191666666666667,0.8055253199581056,36.29854990423308,-0.702477278818066,-31.65500317618022
Chronos2-COV-LEAN,ME_WORKSHOP_BLOCK,24,24,0.8795833333333333,0.2981405284876625,33.89565458883894,-0.2898714269449314,-32.95553882841475
Chronos2-COV-LEAN,INFORMATION_CENTRE,24,24,0.40666666666666673,0.3936882844536254,96.80859453777671,-0.3914276377856732,-96.25269781614912
Chronos2-COV-LEAN,BE_BLOCK_RO,24,24,0.26999999999999996,0.09965574451955035,36.909535007240876,-0.05863778871406491,-21.717699523727745
Chronos2-COV-LEAN,CRICKET_GROUND_OHT,24,24,0.19791666666666666,0.1759985265508294,88.92557130989276,-0.17372531381746134,-87.77700066566467
Chronos2-COV-LEAN,GJBC_BLOCK_1_A4_RO,24,24,0.09416666666666666,0.09130035918458208,96.9561336473438,-0.09130035918458208,-96.95613364734382
Chronos2-COV-LEAN,NEW_BLOCK_RO,24,24,0.009166666666666667,0.008860659669104886,96.66174184478056,-0.006484467776269109,-70.73964846839027
Chronos2-COV-XL,BE_BLOCK_OHT,24,24,45.59291666666667,7.945664576888085,17.427410128155326,-7.252906331618628,-15.907967425390186
Chronos2-COV-XL,MRD_BLOCK,24,24,32.63583333333333,11.27479520569245,34.54728761032337,-7.697336900134881,-23.585538084829707
Chronos2-COV-XL,GJBC_LAW_BLOCK_3_A4_BOYS,24,24,30.096666666666668,6.583397289911905,21.874174182894798,-4.169957332611084,-13.855213199505206
Chronos2-COV-XL,MM_BLOCK,24,24,26.8925,1.4469753584265712,5.380590716469541,0.9070682284235957,3.3729412602903994
Chronos2-COV-XL,G_BLOCK,24,24,24.24083333333333,3.824638341963291,15.77766857009849,1.1505679054061573,4.746404092568974
Chronos2-COV-XL,NBX,24,24,18.774166666666662,3.8187968780597044,20.340699781045082,-2.657831349174181,-14.156853917213448
Chronos2-COV-XL,F_BLOCK,24,24,16.680833333333336,5.040945548017819,30.219986299752122,-4.123811601201694,-24.72185602958501
Chronos2-COV-XL,GJBC_LAW_BLOCK_3__A1,24,24,14.632916666666668,5.93817059767743,40.58090900773322,-5.309775543188056,-36.28651528702791
Chronos2-COV-XL,GJBC_LAW_BLOCK_3__A2,24,24,10.1625,2.0343116015195846,20.017826337216086,0.8088796973228455,7.959455816214963
Chronos2-COV-XL,GJBC_BLOCK_2_A1,24,24,9.51625,1.2583699078361192,13.22338009022587,-0.09120708142717658,-0.9584351128561838
Chronos2-COV-XL,TECH_PARK,24,24,9.40875,2.198242371628682,23.363808918598988,0.010040007630983894,0.10670926138949269
Chronos2-COV-XL,GJBC_LAW_BLOCK_3__A3_GIRLS,24,24,8.009583333333333,1.9748314798126618,24.655857834627206,0.769423786724607,9.606289799402054
Chronos2-COV-XL,I&H_BLOCK,24,24,7.381666666666665,7.117131692444285,96.41632457589913,-7.08635036724309,-95.99932762126562
Chronos2-COV-XL,GJBC_BLOCK_1_A3,24,24,4.454166666666667,1.0154656950260204,22.79810727841393,-0.5787832166378697,-12.994197567173874
Chronos2-COV-XL,NEW_BLOCK,24,24,4.11,0.29200519030292826,7.104749155789008,-0.16382265585164227,-3.9859526971202497
Chronos2-COV-XL,GJBC_BLOCK_1_A2_GIRLS,24,24,3.87125,0.8380619125564893,21.648354215214447,-0.5037217160314321,-13.011862215858757
Chronos2-COV-XL,GJBC_BLOCK_1_A1_BOYS,24,24,3.7254166666666664,0.7787998623152573,20.905040482682224,-0.32020687761406114,-8.595196356937107
Chronos2-COV-XL,IT_BLOCK,24,24,2.2191666666666667,0.8172398029485096,36.82642747045481,-0.699132540272549,-31.50428270097855
Chronos2-COV-XL,ME_WORKSHOP_BLOCK,24,24,0.8795833333333333,0.32568571225429577,37.02727188111369,-0.32212549869591994,-36.622510510194594
Chronos2-COV-XL,INFORMATION_CENTRE,24,24,0.40666666666666673,0.3957597274666962,97.31796577049906,-0.39297936165006836,-96.63426925821352
Chronos2-COV-XL,BE_BLOCK_RO,24,24,0.26999999999999996,0.11010386096003155,40.77920776297466,-0.076746496198078,-28.42462822151037
Chronos2-COV-XL,CRICKET_GROUND_OHT,24,24,0.19791666666666666,0.18033382244252913,91.11603660254103,-0.1788985412179803,-90.39084187855846
Chronos2-COV-XL,GJBC_BLOCK_1_A4_RO,24,24,0.09416666666666666,0.09214254703411523,97.8504924256091,-0.09214254703411523,-97.8504924256091
Chronos2-COV-XL,NEW_BLOCK_RO,24,24,0.009166666666666667,0.009040810392082979,98.62702245908704,-0.007880324799722681,-85.96717963333835
Chronos2-ZS,BE_BLOCK_OHT,24,24,45.59291666666667,7.792494792242845,17.091459292272035,-6.04874363710483,-13.266849500609188
Chronos2-ZS,MRD_BLOCK,24,24,32.63583333333333,10.2426977455616,31.38482060790522,-5.660687074462572,-17.3450054626946
Chronos2-ZS,GJBC_LAW_BLOCK_3_A4_BOYS,24,24,30.096666666666668,6.663407766123612,22.14001915867852,-4.064117660423119,-13.503547437445297
Chronos2-ZS,MM_BLOCK,24,24,26.8925,1.2671837222576146,4.712033921195927,0.4602742872635526,1.7115340234770013
Chronos2-ZS,G_BLOCK,24,24,24.24083333333333,4.255127483208974,17.55355282014084,1.6239295440912247,6.699149001029495
Chronos2-ZS,NBX,24,24,18.774166666666662,3.8956780554850887,20.750204920689367,-2.794029176930586,-14.88230730310579
Chronos2-ZS,F_BLOCK,24,24,16.680833333333336,5.082685157209634,30.47021126368367,-3.760905208537976,-22.546266924342163
Chronos2-ZS,GJBC_LAW_BLOCK_3__A1,24,24,14.632916666666668,5.971837451358636,40.81098517401043,-5.442633822659651,-37.194456489032035
Chronos2-ZS,GJBC_LAW_BLOCK_3__A2,24,24,10.1625,1.875771559377511,18.45777672204193,1.0091832866271337,9.930462845039447
Chronos2-ZS,GJBC_BLOCK_2_A1,24,24,9.51625,1.2701291876534622,13.346950612409954,0.020575129141410426,0.2162104730477912
Chronos2-ZS,TECH_PARK,24,24,9.40875,2.2813295006006955,24.24689252664483,0.3504307351758082,3.7245195714181816
Chronos2-ZS,GJBC_LAW_BLOCK_3__A3_GIRLS,24,24,8.009583333333333,1.6604746501396102,20.73109899773742,0.4967411311219136,6.201834857683986
Chronos2-ZS,I&H_BLOCK,24,24,7.381666666666665,6.979969758465887,94.55818141972304,-6.870454422657687,-93.07456883257198
Chronos2-ZS,GJBC_BLOCK_1_A3,24,24,4.454166666666667,0.9626467227935791,21.612274412578017,-0.4327051661908627,-9.714615517849115
Chronos2-ZS,NEW_BLOCK,24,24,4.11,0.2816270270943641,6.852239102052653,-0.125662490700682,-3.0574815255640386
Chronos2-ZS,GJBC_BLOCK_1_A2_GIRLS,24,24,3.87125,0.751708251821498,19.41771396374551,-0.3274052694067359,-8.457352777700638
Chronos2-ZS,GJBC_BLOCK_1_A1_BOYS,24,24,3.7254166666666664,0.7247539707149069,19.454306338393653,-0.21290442083030947,-5.714915669307043
Chronos2-ZS,IT_BLOCK,24,24,2.2191666666666667,0.7217143414231638,32.521862925565024,-0.5931775777228178,-26.7297443960714
Chronos2-ZS,ME_WORKSHOP_BLOCK,24,24,0.8795833333333333,0.27318073364595574,31.05797066557526,-0.2560748501618703,-29.1131994499521
Chronos2-ZS,INFORMATION_CENTRE,24,24,0.40666666666666673,0.3924781490846847,96.51102026672574,-0.3897447405708954,-95.83887063218738
Chronos2-ZS,BE_BLOCK_RO,24,24,0.26999999999999996,0.08547083476713548,31.655864728568698,-0.03891899345597874,-14.414442020732867
Chronos2-ZS,CRICKET_GROUND_OHT,24,24,0.19791666666666666,0.1811343420809135,91.52050968298786,-0.17990038206335157,-90.89703514779869
Chronos2-ZS,GJBC_BLOCK_1_A4_RO,24,24,0.09416666666666666,0.09032243445069373,95.91762950516149,-0.09032243445069373,-95.91762950516149
Chronos2-ZS,NEW_BLOCK_RO,24,24,0.009166666666666667,0.009037336401233916,98.58912437709726,-0.007052663974366927,-76.9381524476392
NPTS,BE_BLOCK_OHT,24,24,45.59291666666667,8.426666666666666,18.48240315107427,-6.9174999999999995,-15.172312950659368
NPTS,MRD_BLOCK,24,24,32.63583333333333,14.051250000000001,43.05466894773129,-6.294583333333333,-19.28733753798228
NPTS,GJBC_LAW_BLOCK_3_A4_BOYS,24,24,30.096666666666668,7.72625,25.671447557869087,-3.6437499999999994,-12.106822460959128
NPTS,MM_BLOCK,24,24,26.8925,1.6266666666666663,6.048774441448978,0.8050000000000003,2.9933996467416577
NPTS,G_BLOCK,24,24,24.24083333333333,3.8312500000000007,15.804943449413871,0.7204166666666674,2.9719137818419363
NPTS,NBX,24,24,18.774166666666662,4.489999999999999,23.9158418038972,-3.1325,-16.68516134759643
NPTS,F_BLOCK,24,24,16.680833333333336,5.220416666666666,31.29589848628665,-1.4195833333333334,-8.510266273667382
NPTS,GJBC_LAW_BLOCK_3__A1,24,24,14.632916666666668,5.915416666666666,40.42541074631965,-4.70875,-32.1791622768302
NPTS,GJBC_LAW_BLOCK_3__A2,24,24,10.1625,4.46875,43.9729397293973,4.45625,43.84993849938499
NPTS,GJBC_BLOCK_2_A1,24,24,9.51625,2.592916666666667,27.247252506677178,0.28291666666666676,2.9729848066903117
NPTS,TECH_PARK,24,24,9.40875,3.3825000000000003,35.95057791948984,0.6941666666666665,7.3778840618218835
NPTS,GJBC_LAW_BLOCK_3__A3_GIRLS,24,24,8.009583333333333,3.2466666666666666,40.53477604952401,2.5325,31.618373823024502
NPTS,I&H_BLOCK,24,24,7.381666666666665,7.352083333333333,99.59923233235494,-7.352083333333333,-99.59923233235494
NPTS,GJBC_BLOCK_1_A3,24,24,4.454166666666667,0.9700000000000001,21.777362020579986,-0.17916666666666647,-4.022450888681006
NPTS,NEW_BLOCK,24,24,4.11,0.37208333333333327,9.053122465531223,-0.3370833333333332,-8.201540957015405
NPTS,GJBC_BLOCK_1_A2_GIRLS,24,24,3.87125,0.875,22.602518566354536,-0.3441666666666667,-8.890323969432785
NPTS,GJBC_BLOCK_1_A1_BOYS,24,24,3.7254166666666664,0.8020833333333334,21.530030197964436,-0.12541666666666665,-3.3665138127726206
NPTS,IT_BLOCK,24,24,2.2191666666666667,1.0525,47.42771310552009,-0.9641666666666667,-43.44723995493804
NPTS,ME_WORKSHOP_BLOCK,24,24,0.8795833333333333,0.29458333333333336,33.491236380862155,-0.27291666666666664,-31.027948839412602
NPTS,INFORMATION_CENTRE,24,24,0.40666666666666673,0.40666666666666673,100.0,-0.40666666666666673,-100.0
NPTS,BE_BLOCK_RO,24,24,0.26999999999999996,0.18041666666666667,66.820987654321,-0.15791666666666668,-58.48765432098766
NPTS,CRICKET_GROUND_OHT,24,24,0.19791666666666666,0.19291666666666665,97.47368421052632,-0.19208333333333336,-97.05263157894738
NPTS,GJBC_BLOCK_1_A4_RO,24,24,0.09416666666666666,0.09416666666666666,100.0,-0.09416666666666666,-100.0
NPTS,NEW_BLOCK_RO,24,24,0.009166666666666667,0.009166666666666667,100.0,-0.009166666666666667,-100.0
SeasonalNaive,BE_BLOCK_OHT,24,24,45.59291666666667,9.827499999999999,21.554883342624493,-0.36166666666666697,-0.7932518757482436
SeasonalNaive,MRD_BLOCK,24,24,32.63583333333333,16.142916666666668,49.46377958787632,-2.376250000000001,-7.281107167479511
SeasonalNaive,GJBC_LAW_BLOCK_3_A4_BOYS,24,24,30.096666666666668,9.779166666666667,32.492524089046405,-1.2583333333333333,-4.180972422195149
SeasonalNaive,MM_BLOCK,24,24,26.8925,1.4912500000000002,5.545226364227946,0.4920833333333337,1.8298162436862833
SeasonalNaive,G_BLOCK,24,24,24.24083333333333,6.947083333333334,28.658599470590268,-0.30125,-1.2427378046684314
SeasonalNaive,NBX,24,24,18.774166666666662,3.6004166666666664,19.177504549691513,0.3137500000000008,1.6711793688135337
SeasonalNaive,F_BLOCK,24,24,16.680833333333336,7.618750000000001,45.6736773742319,1.1320833333333333,6.786731278413348
SeasonalNaive,GJBC_LAW_BLOCK_3__A1,24,24,14.632916666666668,6.7775,46.31680856516415,-0.3033333333333326,-2.072951963324691
SeasonalNaive,GJBC_LAW_BLOCK_3__A2,24,24,10.1625,2.8891666666666667,28.42968429684297,0.26,2.558425584255843
SeasonalNaive,GJBC_BLOCK_2_A1,24,24,9.51625,2.8624999999999994,30.080126100091945,0.006666666666666969,0.07005560663777191
SeasonalNaive,TECH_PARK,24,24,9.40875,4.978333333333333,52.911739958372074,0.6649999999999997,7.067888933173904
SeasonalNaive,GJBC_LAW_BLOCK_3__A3_GIRLS,24,24,8.009583333333333,1.574583333333333,19.658742131821253,0.2270833333333334,2.835145398741092
SeasonalNaive,I&H_BLOCK,24,24,7.381666666666665,8.3225,112.7455407541206,2.129166666666667,28.84398284037029
SeasonalNaive,GJBC_BLOCK_1_A3,24,24,4.454166666666667,1.1116666666666666,24.957904583723103,0.048333333333333416,1.0851262862488325
SeasonalNaive,NEW_BLOCK,24,24,4.11,0.38791666666666663,9.438361719383616,-0.04375000000000001,-1.064476885644769
SeasonalNaive,GJBC_BLOCK_1_A2_GIRLS,24,24,3.87125,1.0070833333333333,26.01442255946615,0.04125000000000001,1.0655473038424286
SeasonalNaive,GJBC_BLOCK_1_A1_BOYS,24,24,3.7254166666666664,0.875,23.487305670506657,0.05083333333333331,1.3645006151437191
SeasonalNaive,IT_BLOCK,24,24,2.2191666666666667,0.7670833333333335,34.56627863312055,0.07374999999999994,3.3233195644010487
SeasonalNaive,ME_WORKSHOP_BLOCK,24,24,0.8795833333333333,0.37749999999999995,42.91804831833254,0.01416666666666667,1.610611084793937
SeasonalNaive,INFORMATION_CENTRE,24,24,0.40666666666666673,0.51375,126.33196721311475,0.22458333333333336,55.225409836065566
SeasonalNaive,BE_BLOCK_RO,24,24,0.26999999999999996,0.17,62.96296296296297,0.030833333333333348,11.419753086419759
SeasonalNaive,CRICKET_GROUND_OHT,24,24,0.19791666666666666,0.2691666666666667,136.00000000000003,0.025833333333333344,13.052631578947373
SeasonalNaive,GJBC_BLOCK_1_A4_RO,24,24,0.09416666666666666,0.05833333333333333,61.94690265486726,-0.001666666666666666,-1.7699115044247782
SeasonalNaive,NEW_BLOCK_RO,24,24,0.009166666666666667,0.007916666666666667,86.36363636363637,-0.00041666666666666653,-4.545454545454544
