model,horizon,n_tanks,n_tanks_scaled,rows_evaluated,macro_mae,macro_rmse,macro_mase,macro_rmsse,vw_mae,vw_rmse,p10_p90_coverage,p10_p90_width
Chronos2-COV-XL,6,24,24,3405,0.19727069834272906,0.3971685591557699,0.6001956012389387,0.4909016001162927,0.39133292019959504,0.7213228979182926,0.7403817914831131,0.5781174956403622
Chronos2-ZS,6,24,24,3405,0.19741258850553622,0.3975839384598419,0.6017334793050494,0.490958563148663,0.391073734555413,0.7225336915286316,0.720704845814978,0.5602388474512034
Chronos2-COV,6,24,24,3405,0.1972596265435308,0.39656172256145394,0.6017861210987464,0.49089374896823057,0.3915172167248977,0.7193813963913491,0.7368575624082232,0.5655274271714418
Chronos2-COV-LEAN,6,24,24,3405,0.19706561700304012,0.3974684551190866,0.6026672568188272,0.491704079776834,0.39080181538142345,0.7212520457646078,0.7033773861967695,0.5491996320963631
NPTS,6,24,24,3405,0.23055244536764954,0.44198181427677846,0.6871318637389879,0.5493968435816757,0.4489204026187261,0.7865254349670973,0.8499265785609398,0.6755447870778267
DynamicOptimizedTheta,6,24,24,3405,0.25964780312785846,0.4291681710877791,0.8963437616990797,0.5520770556596691,0.4905848928979866,0.7719300831205702,0.9215859030837005,1.4489208693082838
Theta,6,24,24,3405,0.2595229362375338,0.4287142752896702,0.8964590767976413,0.5515140712028898,0.49029069966557715,0.7710971013369423,0.9209985315712188,1.447199457125063
ETS,6,24,24,3405,0.2593861126526932,0.418392336112571,0.9096351684499515,0.5390332458076028,0.4950196370617436,0.7553179886198014,0.9145374449339208,1.2223583820643913
SeasonalNaive,6,24,24,3405,0.30951265747965007,0.5649063723280547,0.9806156959640969,0.7174482754916068,0.6036064605912418,1.021678774310371,0.9030837004405287,1.6808141868177426
Chronos2-COV-XL,12,24,24,6861,0.20169575203995452,0.4174615178994155,0.6280869562504847,0.5250236692438467,0.40203936325707207,0.7543111307731044,0.739833843463052,0.6149031800961696
Chronos2-COV,12,24,24,6861,0.2017573189909907,0.41664793665838534,0.6292342010187465,0.5246484040350939,0.4027913451481843,0.7522153129116039,0.7335665354904533,0.604037758941138
Chronos2-ZS,12,24,24,6861,0.20290535126803044,0.42069610181860506,0.6294158881434958,0.5271360980123537,0.4049919670560594,0.7606116990753092,0.7137443521352572,0.583258151619768
Chronos2-COV-LEAN,12,24,24,6861,0.20161763341528113,0.4176040553887184,0.6303708318491422,0.5257354436002079,0.40138274283232533,0.7531702102405049,0.7058737793324589,0.5886264501007369
NPTS,12,24,24,6861,0.22552924769576713,0.4518694063576434,0.6923200085048317,0.5687552682409074,0.4412163039235655,0.8046795638912713,0.8456493222562309,0.6774027109750765
Theta,12,24,24,6861,0.2686451084448282,0.45014760690327504,0.9451032386919539,0.5852296516415165,0.5056250708493202,0.8055889651381567,0.929893601515814,1.5290036773743538
DynamicOptimizedTheta,12,24,24,6861,0.26914430996798483,0.4507323364906954,0.945945236683461,0.5860289539948076,0.5065891563687192,0.8066204794169818,0.9307681096050139,1.5329946896203823
ETS,12,24,24,6861,0.2610813982178584,0.4355895841395983,0.9479721306904509,0.5697971357512096,0.4924122077186094,0.7813859576376974,0.9134236991692173,1.2372920745703673
SeasonalNaive,12,24,24,6861,0.3041428984737289,0.5778667230853216,0.9665543676105562,0.739898243371349,0.5936227067332187,1.0363129035252376,0.9017635913132196,1.6810247245224996
Chronos2-COV-XL,24,24,24,13530,0.21043499538973734,0.46196939453960323,0.6550124166937343,0.5668097554659751,0.4244035318112416,0.8398207731283593,0.7572062084257206,0.6358840819305596
Chronos2-ZS,24,24,24,13530,0.2115649801623051,0.46395104526210146,0.6552219084375984,0.566985865273001,0.4272729562101331,0.8423534986704653,0.7220990391722099,0.5991996847934664
Chronos2-COV,24,24,24,13530,0.21051203797565962,0.4624273027355155,0.6557967354557676,0.5671145194327587,0.42489554401094204,0.840206019214844,0.7490761271249076,0.6276227169422384
Chronos2-COV-LEAN,24,24,24,13530,0.2102493425142098,0.46308523226886966,0.6562459433163864,0.5676872100584411,0.4235065404225561,0.8408525916406604,0.7178861788617886,0.6152706206436377
NPTS,24,24,24,13530,0.23027012932832705,0.49208245175423987,0.7097936683262253,0.6063940238364106,0.459094866030104,0.8869006946672288,0.8422764227642277,0.6797413155949741
Theta,24,24,24,13530,0.2797937103176853,0.4988871674878244,0.9560960341634974,0.6291696204165836,0.5350086848893109,0.9006315023406809,0.9395417590539542,1.6837441617372
DynamicOptimizedTheta,24,24,24,13530,0.28057363636925786,0.4998919593822258,0.9575116352993062,0.6303779048892496,0.5366199111743855,0.9026545116828077,0.9403547671840354,1.6916630709856673
ETS,24,24,24,13530,0.2685050998137186,0.4808509504813627,0.9610624337135988,0.6071715072191711,0.5122846655770497,0.8714330101514132,0.9123429416112343,1.2617081842758884
SeasonalNaive,24,24,24,13530,0.3177993404002478,0.6455508965411411,1.0319684766451995,0.8020138838446383,0.6309079948090974,1.1738382721623117,0.9002217294900222,1.709418582598911
Chronos2-COV-XL,48,24,24,27323,0.2147431789741363,0.46712478192811985,0.6632686297799673,0.5710224336179298,0.43598180548531024,0.8513835800771145,0.7567983017970208,0.6490316912246566
Chronos2-COV,48,24,24,27323,0.21510591227057882,0.4677328399219813,0.664257217847947,0.5712792174778359,0.43733811181686766,0.8529298050720934,0.7532847783918311,0.6434671232238853
Chronos2-COV-LEAN,48,24,24,27323,0.21510438770068396,0.46835635235924983,0.66538403626639,0.5720519276122465,0.4366541612956239,0.8537020293050136,0.7264575632251217,0.6347747934210283
Chronos2-ZS,48,24,24,27323,0.21614410676058826,0.4688044625576788,0.6655663677643385,0.5721864830584962,0.4392224989594083,0.8529266273277206,0.7288365113640523,0.6149262327929857
NPTS,48,24,24,27323,0.23121475379898734,0.493388295260251,0.7113190445337308,0.6075483419800304,0.4627091336146845,0.8899179387660054,0.8407934707023387,0.6820923763861948
ETS,48,24,24,27323,0.27217218856952297,0.4863244793809776,0.9717734402237136,0.6120373209400317,0.5220831562625154,0.8850380654009361,0.9145774622113237,1.3034951998381774
Theta,48,24,24,27323,0.2873987958952614,0.5061883146022614,0.9845309723584391,0.6365892452071528,0.552093397747934,0.9202318220033415,0.9495662994546719,1.9781427327560652
DynamicOptimizedTheta,48,24,24,27323,0.2882488868879598,0.5072836296457122,0.9855741872528494,0.6377730869530812,0.5539924852592863,0.9225378293586886,0.9506276763166563,1.9930198512413257
SeasonalNaive,48,24,24,27323,0.32002254284849757,0.6428036904754579,1.0501945790811311,0.8058212371100731,0.6324638877455991,1.1635460715962764,0.921201917798192,2.0575858992492932
Chronos2-COV-XL,72,24,24,41140,0.21586891328639712,0.46567249545559,0.6641433465344421,0.570747728857825,0.43945737694927645,0.8477036515250091,0.7718765192027224,0.6564825488966354
Chronos2-COV,72,24,24,41140,0.21617831253091047,0.46628722029194364,0.6647538344714439,0.5710611564894209,0.4407293664639093,0.8491539534135433,0.7686436558094312,0.6494593901646372
Chronos2-COV-LEAN,72,24,24,41140,0.2161201591167936,0.46694874186921825,0.6657022363279205,0.5717391675999733,0.439938044244895,0.8498426716041045,0.7366553232863393,0.6437726892673608
Chronos2-ZS,72,24,24,41140,0.21743471063758035,0.46765276043760023,0.66641223023346,0.5718178637677472,0.44312907032392784,0.8496542016139697,0.7322557122022363,0.6231141062790652
NPTS,72,24,24,41140,0.23071861774745714,0.4903506771380301,0.7090135594740206,0.6052801005042499,0.46220889418599626,0.8827864241421545,0.8393048128342246,0.681041079241614
ETS,72,24,24,41140,0.2748587288362271,0.48697468463740456,0.9780390131667435,0.6138190285181361,0.5288278350398311,0.8861653443642816,0.9155080213903743,1.3392432566587997
Theta,72,24,24,41140,0.2910084930188907,0.508862541849145,0.990601514480059,0.6401312130331976,0.5616310710881534,0.925532831779262,0.9543996110841031,2.184177593453695
DynamicOptimizedTheta,72,24,24,41140,0.29172428125727207,0.5099183558667992,0.9909179209090332,0.6412192101252467,0.5633412064831179,0.9278242292163434,0.9555420515313563,2.2037496646739556
SeasonalNaive,72,24,24,41140,0.324793791116459,0.6465391217980355,1.0627915958197416,0.8116615187208079,0.6403577605201048,1.1669505342531281,0.9334224598930482,2.3504925089304134
Chronos2-COV-XL,168,24,24,96405,0.21806495207486445,0.46104748607418206,0.6628285494027311,0.5636253402944158,0.44444479210816884,0.8433565822695271,0.7751050256729423,0.666970704629866
Chronos2-COV,168,24,24,96405,0.21834368965483156,0.4616841322323319,0.6632232062989839,0.5640761610796643,0.4453182576939345,0.8447929286300844,0.775986722680359,0.6600761308589115
Chronos2-COV-LEAN,168,24,24,96405,0.2183541181062275,0.46229298659364854,0.6640437404718769,0.5647874852655826,0.44487091100441833,0.8455011527484265,0.749483947928012,0.6575392385440215
Chronos2-ZS,168,24,24,96405,0.21985498777080448,0.4634829891878822,0.6652746941366917,0.5647462864391725,0.44842645648053947,0.8465525899716585,0.7428037964835849,0.6323352032182912
NPTS,168,24,24,96405,0.23256038744102758,0.4842744718551207,0.7057384961739203,0.5956817238344313,0.466863879988411,0.876043583974323,0.8363362896115347,0.6802921010321041
ETS,168,24,24,96405,0.2766253924384447,0.4818167440953056,0.9799233659895142,0.6073840518701408,0.5356408381785176,0.8825568506154876,0.9225040195010632,1.4564204890768806
DynamicOptimizedTheta,168,24,24,96405,0.2989323085400248,0.5102214786257794,1.014814705943428,0.6417264331408107,0.5794128742895179,0.9329897318869609,0.9661324620092319,2.768958189971
Theta,168,24,24,96405,0.29843774022723185,0.5093742702225919,1.0161512417476553,0.64077413563826,0.5780412308735791,0.9311044081566918,0.9649499507286966,2.7377962937252662
SeasonalNaive,168,24,24,96405,0.32765258621679605,0.6440618938463764,1.0687578490419327,0.8085297032727574,0.6482492151244708,1.1670152306999548,0.9592655982573518,3.2588669803512778
