tank,horizon,horizon_label,n_observations,mean_actual_kl_h,chronos2_mae,npts_mae,seasonal_naive_mae,chronos2_rmse,npts_rmse,seasonal_naive_rmse,chronos2_mase,npts_mase,seasonal_naive_mase,chronos2_rmsse,npts_rmsse,seasonal_naive_rmsse,chronos2_vs_npts_pct,chronos2_vs_npts_pct_mae,chronos2_vs_naive_pct,winner,beats_seasonal_naive_reference,sensor_trust_tier,missing_pct,zero_pct,rel_resid,panel_mean_kl_h
BE_BLOCK_OHT,6,6h,142,1.7737323943661973,0.6406146940043276,0.6698591549295774,0.8845774647887324,0.9905514039424992,1.0209516411275936,1.3155797201234138,0.6754155154054844,0.7062782315521716,0.9325758892729853,0.6197546735166262,0.6388684855006695,0.822988034766709,4.369767432710044,4.36576266966513,27.575275838192347,Chronos-2,True,healthy,9.9,3.12,0.097,1.6739
BE_BLOCK_RO,6,6h,142,0.009788732394366197,0.005576202258939894,0.009577464788732394,0.009084507042253522,0.009721014749218273,0.01748238550132394,0.017939648433441858,0.4225475212478323,0.7260496900809825,0.6873824599482502,0.15631968633482737,0.2811281526500478,0.2870675952481879,41.80184538048602,41.777888178715806,38.52803266472003,Chronos-2,True,dead,10.44,73.53,0.2841,0.0083
CRICKET_GROUND_OHT,6,6h,142,0.013380281690140848,0.013651792134460012,0.013521126760563383,0.02232394366197183,0.05309879825154585,0.053365600567628416,0.07270914466770917,0.24179815390021406,0.23945436718235757,0.39495056038483844,0.4133745114340275,0.41546690644534057,0.5657821931646705,-0.9788030786139563,-0.9663793277771535,38.77761468052944,NPTS,True,degraded,20.7,39.98,0.1437,0.0423
F_BLOCK,6,6h,142,0.6871126760563381,0.27616014749231477,0.37514084507042267,0.5430281690140843,0.5955831830678917,0.6879234931257735,0.927861011325526,0.47357544266409807,0.6434498037303484,0.9316577065303349,0.49326134914813835,0.569901116911538,0.7694756525215107,26.40056148613574,26.384942849805363,49.168515502567956,Chronos-2,True,healthy,0.2,5.87,0.0883,0.6979
GJBC_BLOCK_1_A1_BOYS,6,6h,142,0.15492957746478872,0.06409562227381786,0.06781690140845072,0.08992957746478875,0.09078771448092295,0.09593498385240165,0.12129872333083369,0.4824741305887128,0.5105473454433624,0.6771320598169983,0.42331022335229723,0.4473605693082022,0.5657332008738801,5.498650635480376,5.487244414515734,28.747409963263852,Chronos-2,True,degraded,1.91,14.61,0.112,0.1723
GJBC_BLOCK_1_A2_GIRLS,6,6h,142,0.15971830985915494,0.052616798248089534,0.05816901408450705,0.07640845070422536,0.0764013142755538,0.08299838790221288,0.10993275793686627,0.38645901662487325,0.4271799075202575,0.5612874160576271,0.3569501698356006,0.38760822517828497,0.513494875994692,9.532492090221536,9.544971534761348,31.14774969670874,Chronos-2,True,healthy,0.78,14.31,0.0781,0.1758
GJBC_BLOCK_1_A3,6,6h,142,0.18105633802816903,0.08928040674244854,0.09492957746478874,0.12267605633802818,0.12523971488978267,0.13041105111730802,0.17047572211604187,0.5298517927871187,0.5634398866077889,0.7281198424725365,0.4562831806107871,0.4752021980519314,0.6211626326172819,5.961255959866202,5.950906844008219,27.230139617146357,Chronos-2,True,healthy,0.62,14.45,0.0657,0.2201
GJBC_BLOCK_1_A4_RO,6,6h,142,0.0060563380281690145,0.006102367951411715,0.0060563380281690145,0.009507042253521128,0.036598941075444216,0.03661755139851019,0.05090034450200249,0.1023310111751752,0.10155471772825893,0.15947545461704604,0.18448683507212918,0.18458146074194892,0.2566786153794293,-0.7644090439928931,-0.7600289651701719,35.83275155358157,NPTS,True,degraded,0.38,51.5,0.1179,0.0611
GJBC_BLOCK_2_A1,6,6h,142,0.42133802816901406,0.11615683079185622,0.16549295774647887,0.21838028169014087,0.20244180627831526,0.29101086567972334,0.3659417717092299,0.5576277581161962,0.7945255184559988,1.0482709872043259,0.5727395752855651,0.8233643493357296,1.0352124510528824,29.81625571953509,29.811617138537944,46.80499938252082,Chronos-2,True,healthy,0.53,10.08,0.0883,0.3573
GJBC_LAW_BLOCK_3_A4_BOYS,6,6h,142,1.1424647887323942,0.5812268821454384,0.643661971830986,0.8708450704225351,0.9365225653393964,1.042205813525562,1.4050687918600837,0.702211206485257,0.7777148842765168,1.0520799856025638,0.5847245378950855,0.6507194076559599,0.8773537127717799,9.708400767139544,9.699981110883757,33.25496007006771,Chronos-2,True,healthy,0.45,5.42,0.0677,1.2215
GJBC_LAW_BLOCK_3__A1,6,6h,139,0.5150359712230216,0.27191149156299427,0.31424460431654677,0.40971223021582737,0.9490661252521376,0.9893832102328438,1.2168058788330167,1.1125076336673303,1.2843481344550847,1.6747606194471003,0.8695406697690867,0.9063974824951158,1.1143997486058292,13.379588927472673,13.471388902801735,33.572140355520794,Chronos-2,False,healthy,0.49,13.84,0.07,0.3325
GJBC_LAW_BLOCK_3__A2,6,6h,142,0.3630985915492958,0.18305621465327035,0.306056338028169,0.2482394366197183,0.39977516704084887,0.643230184632636,0.5079196731434974,0.42944058626685794,0.7184556407956916,0.5820473487849022,0.21892388180672342,0.3522256177814536,0.2780821190740299,40.22726499979159,40.18871955645562,26.218960164775297,Chronos-2,True,healthy,2.82,12.46,0.0774,0.5662
GJBC_LAW_BLOCK_3__A3_GIRLS,6,6h,142,0.3047887323943662,0.14078501080543224,0.21373239436619718,0.19154929577464788,0.19432651799201897,0.302232305019141,0.2548128282971419,0.5521689408024313,0.8385528648143277,0.7510822121567149,0.4294700772678355,0.6681877419793872,0.5629593152664307,34.152160946383205,34.13024206137931,26.483555080223354,Chronos-2,True,healthy,0.71,7.68,0.0691,0.4178
G_BLOCK,6,6h,142,0.9742957746478871,0.34794183114884614,0.35098591549295777,0.49091549295774645,0.547860010092825,0.5464920137813183,0.7737174758232919,0.6890182090462831,0.695155471038308,0.9721441670278148,0.4785080550210003,0.4771526164139937,0.6755895646712655,0.8828617838334908,0.8672952986834902,29.12386532618376,Chronos-2,True,healthy,0.47,6.04,0.0853,1.0397
I&H_BLOCK,6,6h,142,0.43302816901408453,0.42744373198965907,0.432887323943662,0.7511971830985916,1.585412035648757,1.6097220038185054,2.148627304996064,1.12610313610903,1.140413094793099,1.9802446747227067,1.4739372530368664,1.4965960081956429,1.998788830748268,1.2548048377737497,1.2575078208368506,43.13313145171225,Chronos-2,False,degraded,0.36,51.62,0.1146,0.2788
INFORMATION_CENTRE,6,6h,142,0.014084507042253521,0.014391377174728354,0.014084507042253521,0.03077464788732395,0.05990282632513707,0.060000000000000005,0.09380456158763222,1.663654071242914,1.6286789285961936,3.6102528822592204,0.9980915598609619,0.9997177406386832,1.5772741498124219,-2.1474547274254063,-2.1787779405713086,53.91862771114709,NPTS,False,dead,4.02,91.87,0.1863,0.0052
IT_BLOCK,6,6h,142,0.09190140845070423,0.06340652375678782,0.0678169014084507,0.11119718309859154,0.11540619161134122,0.13796049648920988,0.19830443234412068,1.0812145747886426,1.1564069116411217,1.8963154465162912,0.7122155883689778,0.8511428133975836,1.2234020201602274,6.502238623407181,6.503360607851811,42.98340095394283,Chronos-2,False,degraded,0.45,39.96,0.1157,0.0567
ME_WORKSHOP_BLOCK,6,6h,142,0.03492957746478873,0.025955958472381174,0.02612676056338028,0.03471830985915493,0.036973756579607296,0.04060285149217693,0.05217117006465825,0.15673233380123397,0.15777551799792858,0.20991881129897472,0.05005062905444345,0.05498288327125494,0.0706913037170128,0.6611825522311411,0.6537438523415888,25.3366895365992,Chronos-2,True,degraded,19.88,18.4,0.1447,0.1211
MM_BLOCK,6,6h,142,1.0646478873239438,0.25691986159539554,0.2661971830985915,0.35774647887323946,0.40220754914317514,0.44453488907579997,0.5497348912923623,0.5809488066875899,0.6019744225798266,0.8086572078476039,0.5177810618727675,0.5723710883306249,0.7076265137799798,3.492775623610248,3.4851313583434673,28.158829099675444,Chronos-2,True,healthy,0.63,3.9,0.0577,1.1283
MRD_BLOCK,6,6h,142,1.3928873239436619,0.6201959884334618,0.8430985915492957,1.1230985915492957,1.2268123365888446,1.365547921810349,1.8076095022642629,0.5150049306436355,0.7001806153082909,0.9325714984880109,0.42740396916838574,0.4757041926948405,0.629799219129427,26.446845373335876,26.438497863722365,44.775823464622384,Chronos-2,True,healthy,1.45,13.63,0.086,1.3927
NBX,6,6h,142,0.7847887323943662,0.3586004088378288,0.33598591549295775,0.4576760563380282,0.6019177042173319,0.601429634815082,0.7822075118210613,0.8453717719752546,0.7921864782431961,1.0791479354752056,0.5854702826481452,0.5849703426962708,0.7600049883096024,-6.713734100840201,-6.730786113962874,21.663032084383044,NPTS,True,healthy,0.38,8.62,0.0824,0.6566
NEW_BLOCK,6,6h,142,0.17204225352112676,0.033934713555893434,0.03429577464788732,0.04873239436619719,0.06229972108302819,0.06362854351072146,0.09661889705231391,0.4911099349387236,0.49615745214084767,0.7054425146410798,0.46843136201849495,0.47828864922885556,0.7269373671141817,1.0173216547176172,1.0527859355879268,30.382713722805022,Chronos-2,True,healthy,0.47,13.98,0.0739,0.1241
NEW_BLOCK_RO,6,6h,142,0.00028169014084507044,0.00039114543697534417,0.00028169014084507044,0.00042253521126760566,0.0016560473600642246,0.0016783627165933783,0.002055566129482595,0.1936241287605506,0.1391715236196239,0.20918270848165613,0.04976240261834077,0.05043180212444069,0.06185331686799638,-39.12625494404561,-38.85663012624717,7.437794373175881,NPTS,True,dead,0.35,96.34,1.6337,0.0012
TECH_PARK,6,6h,142,0.3949295774647887,0.14748612266611044,0.22323943661971832,0.3255633802816902,0.24145207775051844,0.34221935145026827,0.5156556062192595,0.43041289559574614,0.6515133211341281,0.9500763140835378,0.24221398057079682,0.34315439493241645,0.5164011901508669,33.93643972674254,33.933661140101954,54.69701862729513,Chronos-2,True,healthy,0.76,11.22,0.0889,0.44
BE_BLOCK_OHT,12,12h,286,1.8353846153846152,0.6704878746546232,0.6692307692307693,0.8947202797202798,1.0813252362463885,1.0883046416362439,1.4195610224655708,0.707039426773309,0.7057610793575329,0.9434513420521606,0.6768062775391065,0.6812287141719712,0.8884958646192377,-0.18113033619533847,-0.18784333919656462,25.058199055037342,NPTS,True,healthy,9.9,3.12,0.097,1.6739
BE_BLOCK_RO,12,12h,286,0.010944055944055946,0.006780352307470528,0.010174825174825175,0.01,0.012185700193274767,0.017827848098751792,0.019665026994979865,0.5141940336166526,0.7718039538445637,0.7579000851093326,0.19594066938170523,0.2869068961566877,0.31524369702896776,33.37763676185987,33.36148591283261,32.15543265937536,Chronos-2,True,dead,10.44,73.53,0.2841,0.0083
CRICKET_GROUND_OHT,12,12h,286,0.010769230769230769,0.011109512198091179,0.010874125874125874,0.021643356643356645,0.04399076554324338,0.04423000911478209,0.06468049500093853,0.196881789281472,0.1926972359546834,0.38249936148678293,0.34263335907141007,0.3445082205504567,0.5032290988656724,-2.1715689413275676,-2.1646459374301346,48.52755086539533,NPTS,True,degraded,20.7,39.98,0.1437,0.0423
F_BLOCK,12,12h,286,0.6956993006993007,0.3350834216062839,0.4111888111888113,0.5467132867132867,0.6773858835051672,0.7230370097598859,0.9636128114287659,0.5749990727907612,0.7056592940136608,0.9382861301003251,0.5621438374345384,0.5999204657525181,0.7997618256430911,18.516049080814643,18.508623656975193,38.7181527740072,Chronos-2,True,healthy,0.2,5.87,0.0883,0.6979
GJBC_BLOCK_1_A1_BOYS,12,12h,286,0.1651048951048951,0.07235052786819583,0.07636363636363637,0.10279720279720281,0.11384858184691453,0.11687061760229242,0.15821778387042063,0.5446403615183683,0.5749409683919154,0.7740408763703472,0.5313901953289752,0.5454818680820356,0.738564561970369,5.270211819884161,5.255261124981655,29.63674424116849,Chronos-2,True,degraded,1.91,14.61,0.112,0.1723
GJBC_BLOCK_1_A2_GIRLS,12,12h,286,0.1715034965034965,0.06876331671342983,0.07363636363636364,0.10335664335664337,0.1249360493964325,0.127493315332787,0.1756685531318584,0.5052404452057626,0.5411250942506866,0.7596553246093347,0.584929957553933,0.5967652323037209,0.8219796301368071,6.631488619949252,6.617718043490352,33.49083079677078,Chronos-2,True,healthy,0.78,14.31,0.0781,0.1758
GJBC_BLOCK_1_A3,12,12h,286,0.19671328671328672,0.0970736931993828,0.1008041958041958,0.1380769230769231,0.15311369528613938,0.15433026977178574,0.2120405357736789,0.5760814525335162,0.5983591242576561,0.8196025929441104,0.5584607245264235,0.5629290803777404,0.7733912401078437,3.723127269393339,3.7007413977680144,29.71209980386192,Chronos-2,True,healthy,0.62,14.45,0.0657,0.2201
GJBC_BLOCK_1_A4_RO,12,12h,286,0.004825174825174826,0.004864709176207808,0.004825174825174826,0.006888111888111888,0.02619235605760177,0.02621855425862737,0.03620551285148659,0.08161929550205525,0.08095205906802842,0.11559866027331282,0.1320382017585019,0.13217142500154896,0.18258169700584218,-0.8242365193776169,-0.819335101118325,29.39425482174214,NPTS,True,degraded,0.38,51.5,0.1179,0.0611
GJBC_BLOCK_2_A1,12,12h,286,0.40248251748251745,0.11236294047607408,0.1555944055944056,0.20762237762237762,0.20607251988708486,0.2834218975802188,0.3659559758000629,0.5395689192902017,0.7472606656641736,0.9971160477600467,0.5829752190644121,0.801979062111351,1.0353574658805824,27.793748007513976,27.784716907511942,45.88704890445736,Chronos-2,True,healthy,0.53,10.08,0.0883,0.3573
GJBC_LAW_BLOCK_3_A4_BOYS,12,12h,286,1.1934965034965035,0.5691319751239323,0.5998601398601399,0.8593006993006993,0.9435408460312604,1.0204376546330536,1.403414916043515,0.6874147142301736,0.7246053720628556,1.0377550863380118,0.5892749901205926,0.6373211077665872,0.8766657489818774,5.132539623161371,5.122554858099416,33.75944639732918,Chronos-2,True,healthy,0.45,5.42,0.0677,1.2215
GJBC_LAW_BLOCK_3__A1,12,12h,283,0.6009540636042403,0.347822167140435,0.3809187279151943,0.47561837455830386,1.333467960088001,1.3569540823570418,1.5630248376495943,1.416512535715612,1.5500899457300663,1.9365247965655574,1.2176654386027617,1.2391460553616076,1.4278103958088997,8.617397356999275,8.688614748846833,26.852858366295713,Chronos-2,False,healthy,0.49,13.84,0.07,0.3325
GJBC_LAW_BLOCK_3__A2,12,12h,286,0.42363636363636364,0.16572334799733196,0.23804195804195805,0.22979020979020978,0.33428392703561083,0.5133272787461183,0.4602781159863502,0.3888968258330099,0.5588031343522782,0.5392223158606683,0.18316963462008115,0.2812635528159288,0.25232436851943485,30.405396475846672,30.380614677971593,27.878202664464943,Chronos-2,True,healthy,2.82,12.46,0.0774,0.5662
GJBC_LAW_BLOCK_3__A3_GIRLS,12,12h,286,0.3105594405594405,0.14563449459476072,0.19255244755244758,0.18465034965034965,0.19793310223741944,0.2766274159817267,0.2508454236645081,0.5715003031597576,0.7557348132669062,0.724438067258588,0.43796939521617084,0.6121223196599712,0.554824191303074,24.378195482451808,24.366323853093228,21.111226895844393,Chronos-2,True,healthy,0.71,7.68,0.0691,0.4178
G_BLOCK,12,12h,286,0.9605244755244755,0.3858287753425278,0.37741258741258743,0.59506993006993,0.6893137005396088,0.6717933415167895,1.001732939020616,0.7643204814919912,0.747701582871246,1.178854711934316,0.6027609088864219,0.5873730380916046,0.8757365333852394,-2.2226646300422424,-2.2299701204029505,35.16414925823549,NPTS,True,healthy,0.47,6.04,0.0853,1.0397
I&H_BLOCK,12,12h,286,0.3064685314685314,0.30614885561116095,0.3063636363636364,0.5293356643356643,1.306856707745554,1.3231021505157117,1.7957341642935876,0.8094387309118242,0.8099724102376158,1.4002985621683424,1.2301425294722157,1.245221603932024,1.693179240180387,0.06588858077709873,0.07010647706913498,42.19527515200617,Chronos-2,True,degraded,0.36,51.62,0.1146,0.2788
INFORMATION_CENTRE,12,12h,286,0.01646853146853147,0.016784579424851842,0.01646853146853147,0.029125874125874127,0.06735401114174802,0.06744850405532134,0.09228452506478843,1.915832691649927,1.8793883068744293,3.3664014943105687,1.1204244439251236,1.1219978217280722,1.5437265890960916,-1.9391620476828288,-1.9191022400770021,43.08959597101518,NPTS,False,dead,4.02,91.87,0.1863,0.0052
IT_BLOCK,12,12h,286,0.08947552447552448,0.05801692175099274,0.061398601398601406,0.09031468531468531,0.10792629272208848,0.12214573434868865,0.16261735944973893,0.9902222700553588,1.0486011797316868,1.5409405335810602,0.6666182425608412,0.7544355247827399,1.0038228918518586,5.567312988458187,5.507747034260128,35.73909904529948,Chronos-2,True,degraded,0.45,39.96,0.1157,0.0567
ME_WORKSHOP_BLOCK,12,12h,286,0.035419580419580425,0.025455316973107676,0.02653846153846154,0.03625874125874126,0.04455324083114829,0.048063914323948485,0.0625870023817475,0.15372206816206568,0.16036303606567648,0.21906157297457143,0.060025514668317105,0.06483984529364295,0.0843594211406574,4.141208639184778,4.081414304231944,29.827004309920817,Chronos-2,True,degraded,19.88,18.4,0.1447,0.1211
MM_BLOCK,12,12h,286,1.1268881118881118,0.23691598611278136,0.24045454545454545,0.3281818181818182,0.3724378500452607,0.4054432953376658,0.5106796513409422,0.5356143381970425,0.5436284835724752,0.7418098217691499,0.47923269209048425,0.5217481910193554,0.6571776116702939,1.4741952670999499,1.4716125806958391,27.7962730501936,Chronos-2,True,healthy,0.63,3.9,0.0577,1.1283
MRD_BLOCK,12,12h,286,1.3086013986013987,0.6937746483629401,0.8576573426573427,1.0793356643356646,1.2827811632763075,1.3935308829295179,1.7076101772601724,0.5764402199315019,0.7126036515528431,0.8966575564967546,0.44703868470517716,0.48565241564972494,0.5954628421058374,19.107877334704348,19.10817830657554,35.71233345942496,Chronos-2,True,healthy,1.45,13.63,0.086,1.3927
NBX,12,12h,286,0.786923076923077,0.34360215715595055,0.34206293706293706,0.46132867132867134,0.6227665888060968,0.6380978617100054,0.8272390679389335,0.8111014767634548,0.8078207639003498,1.0892393723493818,0.6098880839121787,0.6252416242230718,0.80945644115098,-0.40611890777167964,-0.4499815461533877,25.535057090895556,NPTS,True,healthy,0.38,8.62,0.0824,0.6566
NEW_BLOCK,12,12h,286,0.1729020979020979,0.034814907251954914,0.03573426573426573,0.05153846153846154,0.06473048969556741,0.06621114773145141,0.0962877389459773,0.5040183555057962,0.5171842291189633,0.746207120966402,0.48686081852934004,0.49786516548255155,0.724119415700394,2.5456835053914015,2.5727644416917226,32.455970823080676,Chronos-2,True,healthy,0.47,13.98,0.0739,0.1241
NEW_BLOCK_RO,12,12h,286,0.00045454545454545455,0.0005455130867340921,0.00045454545454545455,0.0007342657342657344,0.002105771147755279,0.0021320071635561044,0.0027097338139856733,0.27184618530490473,0.22656997653116698,0.36640337826101455,0.06366142797833517,0.06445358587735153,0.08199180322897169,-19.983322356706672,-20.01287908150026,25.806856204461674,NPTS,True,dead,0.35,96.34,1.6337,0.0012
TECH_PARK,12,12h,286,0.3816083916083916,0.16065243630350884,0.2240909090909091,0.31702797202797206,0.2876040043408477,0.3578163180774704,0.516147983875498,0.46883532201938016,0.6540538434445007,0.9253400111132127,0.2892151053494412,0.35955362158951204,0.5182952655299689,28.31854338622767,28.309257633322627,49.33372421069778,Chronos-2,True,healthy,0.76,11.22,0.0889,0.44
BE_BLOCK_OHT,24,1d,564,1.9401241134751774,0.7158426820851387,0.7413829787234042,1.0221631205673758,1.2171938513163387,1.2524418702270665,1.6913280064883673,0.7550025248717124,0.7819167968415656,1.0780492012710174,0.7621048409159092,0.7840740571116747,1.058592559345055,3.4420889893361175,3.4449531984459156,29.965856476535006,Chronos-2,True,healthy,9.9,3.12,0.097,1.6739
BE_BLOCK_RO,24,1d,564,0.01148936170212766,0.007343089366199595,0.010372340425531914,0.011631205673758867,0.013366117390732095,0.01919016444295144,0.02145422307946066,0.555899752131092,0.7853527000870624,0.8799110961510015,0.21401871529560712,0.30747732883750295,0.3428852817892535,29.216547919238547,29.20508713612698,36.82319105159983,Chronos-2,True,dead,10.44,73.53,0.2841,0.0083
CRICKET_GROUND_OHT,24,1d,564,0.008421985815602837,0.00876041615864011,0.008634751773049646,0.01620567375886525,0.03446096097867915,0.03469982729329351,0.05025114232497147,0.15529602759769767,0.15302766184608255,0.28675606168817447,0.26836333025114034,0.270232673733049,0.39105599579338285,-1.4823239957078356,-1.455332925524052,45.843855337024976,NPTS,True,degraded,20.7,39.98,0.1437,0.0423
F_BLOCK,24,1d,564,0.709822695035461,0.36848560937541597,0.43445035460992903,0.6092021276595744,0.8317583275358287,0.849839680333593,1.2135016883044416,0.6320943415842472,0.7452653695707373,1.0450932196563798,0.690558628992405,0.7053164615838784,1.0068450455775306,15.185332984367045,15.183494393447894,39.517898528508695,Chronos-2,True,healthy,0.2,5.87,0.0883,0.6979
GJBC_BLOCK_1_A1_BOYS,24,1d,564,0.15852836879432625,0.07782898326767675,0.08143617021276597,0.10400709219858155,0.11518601545225222,0.12031798884504474,0.15431500434946654,0.5856847692232673,0.6128874040561653,0.782781158331702,0.5369453064123301,0.5608940004427764,0.7194421062090195,4.438439206429688,4.4294653538652815,25.17898993998467,Chronos-2,True,degraded,1.91,14.61,0.112,0.1723
GJBC_BLOCK_1_A2_GIRLS,24,1d,564,0.1647340425531915,0.0732540366576707,0.07804964539007092,0.1023936170212766,0.11793285999803942,0.12259603270107297,0.16103114099078578,0.5380126759360251,0.5733309518363964,0.7521239301422273,0.5512679182852966,0.5730449012680344,0.752497944263336,6.160189989262882,6.144305599894871,28.467549778094895,Chronos-2,True,healthy,0.78,14.31,0.0781,0.1758
GJBC_BLOCK_1_A3,24,1d,564,0.1895390070921986,0.09871806556134359,0.105,0.13134751773049644,0.14723454489371218,0.15386624936949447,0.1957908132502429,0.585595378820858,0.6229448850944228,0.7792538623599267,0.5363536975650908,0.5605341772601569,0.7133205719877489,5.995635756428688,5.982794703482291,24.851783596244847,Chronos-2,True,healthy,0.62,14.45,0.0657,0.2201
GJBC_BLOCK_1_A4_RO,24,1d,564,0.0040070921985815595,0.004039280416971528,0.0040070921985815595,0.005602836879432625,0.019067060745055674,0.019102188801843535,0.026194850882682214,0.06773673772909286,0.06719333310993704,0.09398185266630019,0.09611754639811591,0.09629619033294438,0.1320984398091619,-0.8087180587793442,-0.8032812022983233,27.925726289303345,NPTS,True,degraded,0.38,51.5,0.1179,0.0611
GJBC_BLOCK_2_A1,24,1d,564,0.4049468085106383,0.11780056795541277,0.15590425531914895,0.20960992907801418,0.2125667845941332,0.28240827293851267,0.3672632155601022,0.5653909073670723,0.7483397736086187,1.0060889454825601,0.6011040825011528,0.7987845757805968,1.038643033534607,24.447299568127534,24.440440888373935,43.80308918950616,Chronos-2,True,healthy,0.53,10.08,0.0883,0.3573
GJBC_LAW_BLOCK_3_A4_BOYS,24,1d,564,1.280709219858156,0.5939409305736528,0.632145390070922,0.9025886524822695,0.9754142140469311,1.0610035561200022,1.4488611326004586,0.7172389504255989,0.7634644802054668,1.0900377063634095,0.6089587136359469,0.6623980372933072,0.9044742422805715,6.054706011657204,6.043619094174346,34.20053762924808,Chronos-2,True,healthy,0.45,5.42,0.0677,1.2215
GJBC_LAW_BLOCK_3__A1,24,1d,561,0.6260071301247772,0.37538781821621503,0.39531194295900174,0.5237433155080213,1.422436529104647,1.4455633150030853,1.7406939219082345,1.5211433039948927,1.6020140352259962,2.1192028765941795,1.2916720995202655,1.3125437530051483,1.5762130752254833,5.048066337302407,5.040101898680319,28.22096832750823,Chronos-2,False,healthy,0.49,13.84,0.07,0.3325
GJBC_LAW_BLOCK_3__A2,24,1d,564,0.4324468085106383,0.1704784379698706,0.23700354609929075,0.24265957446808514,0.35467189259638376,0.5114058983897246,0.4749468055320578,0.3993731757206316,0.5551476653600478,0.56800544207258,0.1937219897913166,0.27925075381938474,0.2591207609957009,28.0600098603291,28.069245892865236,29.688494838470312,Chronos-2,True,healthy,2.82,12.46,0.0774,0.5662
GJBC_LAW_BLOCK_3__A3_GIRLS,24,1d,564,0.3408333333333334,0.14454703821886516,0.17570921985815602,0.18388297872340426,0.20249352188294792,0.25428456165853314,0.25532242166933206,0.5668995606109973,0.6890797136004944,0.7208717466070182,0.4473140398690544,0.5619257109178116,0.5637230352504331,17.730917131647416,17.735086220544947,21.35916502772282,Chronos-2,True,healthy,0.71,7.68,0.0691,0.4178
G_BLOCK,24,1d,564,1.0315248226950353,0.34944220378043805,0.34569148936170213,0.5320390070921986,0.7759753710451118,0.7686384988041984,1.1276800228976982,0.6925873148437515,0.6851429933045278,1.0544906368927376,0.6805208947697226,0.6741138602746174,0.9876796933193054,-1.0865354549301938,-1.0849889378709856,34.32020251174585,NPTS,True,healthy,0.47,6.04,0.0853,1.0397
I&H_BLOCK,24,1d,564,0.3141134751773049,0.3164233963910147,0.3139893617021276,0.5689007092198581,1.481807351944971,1.4915935240992273,2.030979482804902,0.8387650965558855,0.8323627852709609,1.5089234075273277,1.4109027077762226,1.4199477135344725,1.931559632769589,-0.7691731776355757,-0.7751965466894335,44.413010470135816,NPTS,True,degraded,0.36,51.62,0.1146,0.2788
INFORMATION_CENTRE,24,1d,564,0.017304964539007095,0.017632003845911185,0.017304964539007095,0.03664893617021277,0.07084189205017298,0.07106834189608026,0.10891225565850757,2.0555751635355137,2.018188827619866,4.314420448346914,1.1878550912270682,1.191712232277045,1.8337042046476424,-1.8524696700327663,-1.889858289896586,52.35570598310337,NPTS,False,dead,4.02,91.87,0.1863,0.0052
IT_BLOCK,24,1d,564,0.09443262411347518,0.06232919397136421,0.06868794326241134,0.09551418439716312,0.1250264103651018,0.1434516252760011,0.18224224000640793,1.0668461585201816,1.176374086306695,1.6351263629004276,0.7738625293690301,0.8879057374545952,1.1273668098935472,9.310637582164324,9.257446050982406,34.75451300119805,Chronos-2,False,degraded,0.45,39.96,0.1157,0.0567
ME_WORKSHOP_BLOCK,24,1d,564,0.037429078014184394,0.02640896702858996,0.027606382978723403,0.0376241134751773,0.04924317631729478,0.05178207198175257,0.06744843052393319,0.15937136393471432,0.16659036545902495,0.22708564619349197,0.06646463987127435,0.06990869350987897,0.09107578440754413,4.333384769532925,4.337460474471822,29.818829764819487,Chronos-2,True,degraded,19.88,18.4,0.1447,0.1211
MM_BLOCK,24,1d,564,1.1443617021276598,0.23676923800022043,0.23780141843971633,0.322322695035461,0.36331871690288886,0.3870757801444933,0.504119378240641,0.5352375483495482,0.5375858564765574,0.7285097425242073,0.46739063815331383,0.4979929303100282,0.6485206894399176,0.4368247599370503,0.4340514225139358,26.529802265236963,Chronos-2,True,healthy,0.63,3.9,0.0577,1.1283
MRD_BLOCK,24,1d,564,1.388758865248227,0.7403120932088675,0.8470035460992908,1.0859397163120568,1.3053598267156672,1.4087642968117948,1.762908269699784,0.615047817567103,0.7037177903370551,0.9019903169764774,0.4543317445316767,0.49045015335809733,0.6134847030420741,12.600217585444637,12.5963407569862,31.8121485351663,Chronos-2,True,healthy,1.45,13.63,0.086,1.3927
NBX,24,1d,561,0.8031729055258466,0.35515430495488237,0.3468449197860962,0.4968805704099822,0.8863350982801632,0.9018495552589998,1.2422555100413781,0.8385348534936095,0.8191143416018167,1.1736281999768001,0.8717737955868997,0.8871846449672869,1.2180126222299814,-2.37091586674151,-2.3957061772479356,28.551916739033256,NPTS,True,healthy,0.38,8.62,0.0824,0.6566
NEW_BLOCK,24,1d,564,0.17489361702127657,0.035839806959984156,0.037960992907801416,0.05079787234042553,0.06535282988316055,0.06827536028974901,0.09204435409392243,0.518461551447448,0.5490161302206279,0.7346717951739155,0.4908793628461872,0.5126623717266464,0.6912298670013164,5.565333528707295,5.587804178276201,29.429501057037996,Chronos-2,True,healthy,0.47,13.98,0.0739,0.1241
NEW_BLOCK_RO,24,1d,564,0.0003900709219858156,0.0004689336296852929,0.0003900709219858156,0.0006205673758865249,0.0019501814225367938,0.0019750213213679886,0.0024911189772600685,0.23353983252075872,0.19426360350801689,0.3096151664818052,0.0589336679634121,0.059684980142765826,0.07538862197889551,-20.218007029361512,-20.217530519320537,24.57093262759049,NPTS,True,dead,0.35,96.34,1.6337,0.0012
TECH_PARK,24,1d,564,0.40037234042553194,0.18035242630129164,0.22379432624113474,0.33485815602836877,0.34583155082768385,0.3887851600938748,0.5711860871023478,0.5259909957206631,0.652726489281266,0.9766246171042081,0.3462447850235837,0.38912063313215534,0.5713984914802241,19.416324546619002,19.411528732428703,46.14194783659251,Chronos-2,True,healthy,0.76,11.22,0.0889,0.44
BE_BLOCK_OHT,48,2d,1139,1.935873573309921,0.7311831607056669,0.7420983318700615,0.9810359964881475,1.223979673442491,1.252017897136371,1.6223985322250851,0.7712292453038259,0.7826940673185052,1.03467756802341,0.7663383281650282,0.7838040783389059,1.015401254456199,1.4647896915786796,1.4708524053529013,25.46187632373832,Chronos-2,True,healthy,9.9,3.12,0.097,1.6739
BE_BLOCK_RO,48,2d,1139,0.01141352063213345,0.007610218277506863,0.010272168568920105,0.012309043020193151,0.01386454176489871,0.019202721492810996,0.02240970566102714,0.5761256220308798,0.7779176110519049,0.9311625565516823,0.22200997485420737,0.3078265986124168,0.3582127688969821,25.940020659534984,25.914199845467373,38.128351706450616,Chronos-2,True,dead,10.44,73.53,0.2841,0.0083
CRICKET_GROUND_OHT,48,2d,1139,0.008674275680421421,0.009023357339831325,0.008823529411764706,0.016637401229148377,0.034762846340408646,0.03497019927848313,0.05052055623489021,0.16003484298937123,0.1564506139598446,0.29457102892108794,0.27070718372163294,0.27232733161433986,0.39316499791704,-2.2909651415280297,-2.264716518088357,45.67190005903715,NPTS,True,degraded,20.7,39.98,0.1437,0.0423
F_BLOCK,48,2d,1139,0.716865671641791,0.37666664544064504,0.43637401229148376,0.6494117647058824,0.8441989286014764,0.8530230804428551,1.237322578869029,0.6461203152045182,0.7485693633500525,1.1139797870800185,0.7007894075652386,0.7079970566172462,1.0264497986190626,13.685979304181894,13.682612889182806,41.99891930731176,Chronos-2,True,healthy,0.2,5.87,0.0883,0.6979
GJBC_BLOCK_1_A1_BOYS,48,2d,1139,0.15848990342405617,0.08015466585245125,0.08101843722563652,0.10732221246707639,0.1170898866567865,0.12024703866327476,0.15864272868415588,0.603101980523453,0.6096951770851735,0.8075865950007777,0.5456933893040075,0.560491020905999,0.7394400383824453,1.081392277570775,1.0661417360836873,25.320456746453026,Chronos-2,True,degraded,1.91,14.61,0.112,0.1723
GJBC_BLOCK_1_A2_GIRLS,48,2d,1139,0.16414398595259,0.07533726341610315,0.07783143107989465,0.10668129938542582,0.1193853365689923,0.12238879311971086,0.1668904263239664,0.553230762059994,0.5716394606764755,0.7834565024947718,0.5579068465116539,0.5719526459616324,0.7797639950333916,3.2203337737910473,3.2045763892369066,29.38589949814274,Chronos-2,True,healthy,0.78,14.31,0.0781,0.1758
GJBC_BLOCK_1_A3,48,2d,1139,0.18919227392449517,0.10163544045690909,0.10536435469710273,0.1341176470588235,0.14939630008578123,0.15451956185418786,0.2005694264338849,0.6028059206260554,0.625041385847421,0.7955513270260721,0.5440966520517364,0.5628113352821483,0.7305897193372483,3.5574388712227534,3.5390661774690098,24.22790332341435,Chronos-2,True,healthy,0.62,14.45,0.0657,0.2201
GJBC_BLOCK_1_A4_RO,48,2d,1139,0.00398595258999122,0.004019984420330883,0.00398595258999122,0.0056277436347673395,0.01899213564479158,0.019023574857297068,0.026240931373864504,0.06740802765720359,0.06683408011971823,0.09439521913744667,0.09569772825959001,0.09585797551745356,0.13229960078260938,-0.8587647745839683,-0.8537941576404395,28.589574479346943,NPTS,True,degraded,0.38,51.5,0.1179,0.0611
GJBC_BLOCK_2_A1,48,2d,1138,0.4074692442882249,0.11917456696657808,0.15486818980667838,0.2119859402460457,0.2148468142780376,0.2817878522454627,0.3784567683148289,0.5719891810175768,0.743392618946965,1.017429957350049,0.6076255695459173,0.7970797165198177,1.0702791463341923,23.05691952822798,23.04774330006477,43.78097707017067,Chronos-2,True,healthy,0.53,10.08,0.0883,0.3573
GJBC_LAW_BLOCK_3_A4_BOYS,48,2d,1139,1.2830465320456539,0.5980457195930045,0.6332923617208077,0.8771027216856891,0.9798357564300294,1.0582144917018292,1.4186734087033195,0.722199774749619,0.7648295861426246,1.0593555655159632,0.6116802378711501,0.6606290612988426,0.8855685329902018,5.573765995116201,5.565619334493417,31.82649921720392,Chronos-2,True,healthy,0.45,5.42,0.0677,1.2215
GJBC_LAW_BLOCK_3__A1,48,2d,1133,0.6342365401588703,0.3870406430244236,0.4062488967343336,0.5399205648720212,1.4402090292463499,1.461784325990159,1.758613375980715,1.5696577241810332,1.6476292361084675,2.1867010220010608,1.3093245093582222,1.3287521641977709,1.5939520966807925,4.7323457376609195,4.728198369107513,28.218000156938153,Chronos-2,False,healthy,0.49,13.84,0.07,0.3325
GJBC_LAW_BLOCK_3__A2,48,2d,1139,0.4311676909569798,0.17500282672437478,0.23726075504828797,0.24055311676909572,0.3557914808315268,0.5095660844100949,0.4711354971941914,0.40983967055370635,0.5556187425699753,0.5629906290538255,0.1942103285133262,0.2781421317897366,0.25696247142072376,26.237248826772504,26.240297646883185,27.203109713834493,Chronos-2,True,healthy,2.82,12.46,0.0774,0.5662
GJBC_LAW_BLOCK_3__A3_GIRLS,48,2d,1139,0.33749780509218613,0.1515292574147366,0.1777875329236172,0.19030728709394204,0.21002988063694022,0.2563415193429838,0.26993414473425786,0.5941962516250494,0.6971530686957003,0.7459833969149562,0.4638427972393814,0.5663812881467377,0.5958228991361045,14.768179571133809,14.769469533143212,20.347255169167106,Chronos-2,True,healthy,0.71,7.68,0.0691,0.4178
G_BLOCK,48,2d,1139,1.0233450395083408,0.3498654783243041,0.34500438981562775,0.5185425812115891,0.7702905044229497,0.7650628463801689,1.103924995225403,0.6934559510290692,0.6838120056726704,1.0277943465290116,0.675426466299079,0.6708619479126448,0.9668571365850385,-1.4103211520704397,-1.4089932337597586,32.52969785531945,NPTS,True,healthy,0.47,6.04,0.0853,1.0397
I&H_BLOCK,48,2d,1139,0.3123090430201932,0.3146550552629399,0.3122124670763828,0.5762247585601404,1.510379045634421,1.5169065663934913,2.0124403698787754,0.8338441967523675,0.8274195507683382,1.5273996391160025,1.4368180426282355,1.4428728151595935,1.9112734289175397,-0.7764677518271675,-0.7823480623403636,45.4075950132499,NPTS,True,degraded,0.36,51.62,0.1146,0.2788
INFORMATION_CENTRE,48,2d,1139,0.017383669885864792,0.017701518823841585,0.017383669885864792,0.038068481123792804,0.07039908277394472,0.07063116926678317,0.11060215106812128,2.063150859346133,2.0266782500449994,4.482075986426349,1.180051757760052,1.184003728009038,1.8620849583209944,-1.7996250416327313,-1.8284340421998317,53.96885582497396,NPTS,False,dead,4.02,91.87,0.1863,0.0052
IT_BLOCK,48,2d,1139,0.09395083406496928,0.06302726708293693,0.06832309043020192,0.09661106233538191,0.12751482100872782,0.14510085499802855,0.18475525419006103,1.0792700294722954,1.1707615737140493,1.6544684981422357,0.7894839088367215,0.8984528949639038,1.1431723681902375,7.814703377350517,7.751147253321536,34.7663596687285,Chronos-2,False,degraded,0.45,39.96,0.1157,0.0567
ME_WORKSHOP_BLOCK,48,2d,1139,0.036523266022827044,0.02589991133918461,0.02678665496049166,0.03744512730465321,0.046946438093781455,0.04909809928927127,0.06569343759946474,0.15632158691705886,0.16167077105415195,0.22590760627597947,0.06341722554663129,0.06633629607452375,0.0887145133947571,3.308689692153057,3.3103932634176654,30.802866935746742,Chronos-2,True,degraded,19.88,18.4,0.1447,0.1211
MM_BLOCK,48,2d,1139,1.1396049165935032,0.24099135794275367,0.24039508340649693,0.3354082528533801,0.37078011813642275,0.3906030770845504,0.5190388395338912,0.5447505686621255,0.5434008596003808,0.7580101770904137,0.4769589218863899,0.5024925593028058,0.6675784005134929,-0.2483818414894078,-0.24803940571798994,28.134135249591925,NPTS,True,healthy,0.63,3.9,0.0577,1.1283
MRD_BLOCK,48,2d,1139,1.4137137840210712,0.7965950662740183,0.8652502194907814,1.1419227392449518,1.3537587355413785,1.4216803669767808,1.7920027936059373,0.6618798769772948,0.7189359194082591,0.9484439022781477,0.4711762851363703,0.4948878488796972,0.6235143021913468,7.936179135120403,7.934716648459,30.214124906336636,Chronos-2,True,healthy,1.45,13.63,0.086,1.3927
NBX,48,2d,1133,0.7871138570167696,0.3439589065718419,0.33402471315092674,0.4924536628420123,0.8638956411070041,0.8780483151726799,1.2026432714990372,0.812246584816514,0.7889670634430292,1.1632194256520494,0.8504737014770506,0.8645522861504406,1.1792269764803156,-2.950632853023498,-2.9740893502171724,30.17253951366876,NPTS,True,healthy,0.38,8.62,0.0824,0.6566
NEW_BLOCK,48,2d,1139,0.17575065847234417,0.03618422691344796,0.03808604038630377,0.050763827919227386,0.06554325918222983,0.06819251785043126,0.09072626679892398,0.5233975000825096,0.5508145356214741,0.7340782768190316,0.4922402486918214,0.5120226914575102,0.68119135400685,4.977543940090527,4.993465987973173,28.700042405485863,Chronos-2,True,healthy,0.47,13.98,0.0739,0.1241
NEW_BLOCK_RO,48,2d,1139,0.00038630377524143984,0.0004566878083822684,0.00038630377524143984,0.0006496927129060581,0.0019420090128936054,0.0019654612060313985,0.002548907045982764,0.22740809803614076,0.19236506557935157,0.32390152270148936,0.05868273163818116,0.059392369008919935,0.07709640357975088,-18.216942016602157,-18.219866760773577,29.79097593013721,NPTS,True,dead,0.35,96.34,1.6337,0.0012
TECH_PARK,48,2d,1139,0.4035557506584723,0.1816993362779048,0.22607550482879718,0.3194381035996488,0.3474748359420289,0.39094267109228764,0.5611042042321762,0.5299282557303273,0.6593664620300096,0.9315293618453169,0.34782335054228375,0.39123236579860476,0.5610925284744391,19.63069305969511,19.628914943482105,43.112017995808124,Chronos-2,True,healthy,0.76,11.22,0.0889,0.44
BE_BLOCK_OHT,72,3d,1715,1.9161574344023324,0.7268649744695547,0.7293994169096211,0.9755801749271137,1.1959520794469338,1.2191995175347023,1.6064710977030061,0.7666582405208154,0.7692622593620508,1.0289075587099132,0.7486351550505893,0.7630936351355196,1.005351219261334,0.3385085917766086,0.3474697650300476,25.48813214259178,Chronos-2,True,healthy,9.9,3.12,0.097,1.6739
BE_BLOCK_RO,72,3d,1715,0.01113119533527697,0.0074579570524546555,0.0101399416909621,0.012618075801749272,0.01335778002446738,0.018536859506126012,0.022905560963051526,0.5646187068582296,0.7678485852308728,0.9545777959920252,0.2140398181016184,0.29725347720260253,0.36623561838440166,26.46744192561573,26.449704744337357,40.8514728470652,Chronos-2,True,dead,10.44,73.53,0.2841,0.0083
CRICKET_GROUND_OHT,72,3d,1715,0.00917201166180758,0.009511775091442527,0.009306122448979593,0.01682798833819242,0.03544239854358962,0.03560718635495675,0.05030750919146726,0.16890575123372129,0.16521522665868646,0.2982109679941204,0.2761194314641658,0.27741177814160417,0.39161054946905083,-2.2337678249590023,-2.2098639212025817,43.360315561213206,NPTS,True,degraded,20.7,39.98,0.1437,0.0423
F_BLOCK,72,3d,1715,0.7209271137026239,0.3804096107329989,0.4367405247813411,0.6698134110787172,0.851791713037674,0.8571630949991789,1.2458771893110014,0.6524911848525845,0.7491530443744245,1.1488927216421039,0.7069478949801058,0.711350350543653,1.0334230074904205,12.902818756153744,12.898027742340814,43.206952871980626,Chronos-2,True,healthy,0.2,5.87,0.0883,0.6979
GJBC_BLOCK_1_A1_BOYS,72,3d,1715,0.158600583090379,0.08077070297200895,0.0811195335276968,0.10719533527696794,0.11777692968499702,0.12003643761660512,0.15859110008521624,0.6077064890197483,0.6104309209425318,0.8065804301522299,0.5488569397867621,0.5594652893552962,0.7391570906454515,0.44631289623678416,0.4300204161908172,24.656430245269785,Chronos-2,True,degraded,1.91,14.61,0.112,0.1723
GJBC_BLOCK_1_A2_GIRLS,72,3d,1715,0.16416909620991255,0.0760818589639038,0.07761516034985423,0.10608746355685131,0.12004365805417648,0.12235612125334501,0.16498290396457171,0.5586828585974482,0.5700436765524356,0.7790604527495179,0.5609142681265361,0.5717484420770018,0.7708172630375327,1.9929732443830412,1.9755179001615049,28.287611490776715,Chronos-2,True,healthy,0.78,14.31,0.0781,0.1758
GJBC_BLOCK_1_A3,72,3d,1715,0.18946938775510205,0.10284000191778901,0.10560932944606415,0.1362274052478134,0.15072417376580688,0.15471067702652533,0.20263957864597737,0.6099197030647835,0.6264451308145492,0.8080001573672415,0.548888689468173,0.5634411984389501,0.7380708679002036,2.6379689037215717,2.622237583365644,24.514902936142512,Chronos-2,True,healthy,0.62,14.45,0.0657,0.2201
GJBC_BLOCK_1_A4_RO,72,3d,1715,0.0042507288629737615,0.004280483881064553,0.0042507288629737615,0.005877551020408163,0.02162548580252409,0.021653243954681083,0.028222357409081678,0.07173815315589421,0.07123722083268241,0.09851698432799338,0.10885748315235867,0.10899909444970911,0.14219154662568495,-0.703189031459213,-0.6999980250439916,27.181943656480787,NPTS,True,degraded,0.38,51.5,0.1179,0.0611
GJBC_BLOCK_2_A1,72,3d,1713,0.405563339171045,0.11979750471336413,0.15708114419147692,0.2223817863397548,0.21562784780140232,0.28530337393387095,0.3909743542859071,0.5749411168709407,0.7539612931516013,1.067270084130495,0.6098078517120408,0.8069547828085274,1.1056358795956778,23.74394785338993,23.735273682922262,46.12974490526029,Chronos-2,True,healthy,0.53,10.08,0.0883,0.3573
GJBC_LAW_BLOCK_3_A4_BOYS,72,3d,1715,1.2839475218658893,0.6009913726728789,0.6380816326530612,0.8739708454810496,0.9863375578435184,1.0660224700753447,1.4030378536086945,0.7257605839858039,0.7706099961912536,1.0556099428361025,0.6157613553551542,0.6655071842445485,0.875787692893761,5.8199883763665525,5.812776623261464,31.247276618491657,Chronos-2,True,healthy,0.45,5.42,0.0677,1.2215
GJBC_LAW_BLOCK_3__A1,72,3d,1706,0.6290328253223916,0.38581803207240944,0.40422626025791325,0.5500351699882767,1.437784722853954,1.4575637102779913,1.7618064639490516,1.5647062344617413,1.639620636839327,2.227878810164236,1.307693082818645,1.3255383984972882,1.597495543861647,4.569008262911171,4.553941689428734,29.76699507517677,Chronos-2,False,healthy,0.49,13.84,0.07,0.3325
GJBC_LAW_BLOCK_3__A2,72,3d,1715,0.427399416909621,0.1803576481954002,0.24037900874635568,0.24343440233236152,0.365044607533856,0.5113248669227105,0.4732201578380369,0.42233314865342697,0.5628274084431533,0.5696631086827375,0.19924752503834514,0.2790514731606696,0.2580881783585196,24.96222779525786,24.969468367468437,25.862647200375935,Chronos-2,True,healthy,2.82,12.46,0.0774,0.5662
GJBC_LAW_BLOCK_3__A3_GIRLS,72,3d,1715,0.3349037900874635,0.15653639306271389,0.1794927113702624,0.19166180758017495,0.21591695484180037,0.2585966838495018,0.2697827654331932,0.6137676607967891,0.7037803126905178,0.7511933217348129,0.47675598777181677,0.5712993653050413,0.5953804696575076,12.789879209552575,12.789554590990386,18.294313455909283,Chronos-2,True,healthy,0.71,7.68,0.0691,0.4178
G_BLOCK,72,3d,1715,1.0166763848396503,0.3579436452625097,0.3520932944606414,0.5128513119533528,0.7744014727007067,0.7704166454459398,1.0962786775156719,0.7094272793231767,0.6978407159656161,1.0164848555198431,0.6788369296055243,0.675370695800841,0.960043072072399,-1.6603449888314452,-1.6615910879047646,30.207786621634742,NPTS,True,healthy,0.47,6.04,0.0853,1.0397
I&H_BLOCK,72,3d,1715,0.29879883381924194,0.3018245270540693,0.2988279883381924,0.5977142857142856,1.4742174574911595,1.4796987125369077,2.039236323073201,0.800200099214867,0.7923290802728831,1.5845190909029054,1.4065171288287206,1.4115899660955367,1.9384803941871376,-0.9934027587720389,-1.0027637412883947,49.49886663978977,NPTS,True,degraded,0.36,51.62,0.1146,0.2788
INFORMATION_CENTRE,72,3d,1715,0.017247813411078717,0.017591171005420365,0.017247813411078717,0.03773177842565598,0.07004662924581596,0.07028140023262834,0.10995917609805589,2.048662732892454,2.0092326103471136,4.438374772212592,1.173485044444238,1.1774779079929627,1.850329865342353,-1.9624468736115364,-1.9907311504257132,53.842051696072375,NPTS,False,dead,4.02,91.87,0.1863,0.0052
IT_BLOCK,72,3d,1715,0.09289795918367347,0.06308191104155067,0.06766763848396502,0.0997609329446064,0.1286580391091898,0.143906148554663,0.19496026357485732,1.0804120660656356,1.1597764016277976,1.708895582633982,0.7966753477963192,0.8911878139215189,1.2064421827581047,6.843072117243521,6.776839779181917,36.77717485814097,Chronos-2,False,degraded,0.45,39.96,0.1157,0.0567
ME_WORKSHOP_BLOCK,72,3d,1715,0.0361399416909621,0.025663577085333733,0.02632069970845481,0.037807580174927115,0.045910819352362235,0.04790539754247556,0.06590920515083731,0.15489370061364696,0.15884564313981753,0.22811253525317343,0.06202454048406814,0.06472967226251697,0.08901971286691361,2.487913705440461,2.4966001299349796,32.09768133007845,Chronos-2,True,degraded,19.88,18.4,0.1447,0.1211
MM_BLOCK,72,3d,1715,1.136932944606414,0.2405176175843175,0.2404548104956268,0.3321574344023324,0.36967267584933494,0.39041340128984503,0.5158746994565236,0.5436628713321384,0.5435088722011369,0.7506565930248102,0.4755383437379488,0.5022349215386086,0.6634649895786847,-0.028334244182230774,-0.026120121515237484,27.575022136098177,NPTS,True,healthy,0.63,3.9,0.0577,1.1283
MRD_BLOCK,72,3d,1715,1.4237551020408161,0.8244825755903394,0.8698483965014577,1.191877551020408,1.3699318207744862,1.4158151491078024,1.8518025730836698,0.6850563101057322,0.72277125549019,0.9899215018284538,0.4769248758715262,0.4929292755089944,0.6443947531444072,5.218102559831205,5.215370988045762,30.796905730364927,Chronos-2,True,healthy,1.45,13.63,0.086,1.3927
NBX,72,3d,1706,0.7730070339976554,0.3363375878711378,0.32512309495896835,0.4897069167643611,0.8470831609529124,0.8597125259050983,1.1958636212810387,0.7942995765069386,0.7679777662307774,1.1567188307778298,0.8344047009404442,0.8469968363313082,1.1728111051901162,-3.4274182708893033,-3.4493067659757544,31.33166372221883,NPTS,True,healthy,0.38,8.62,0.0824,0.6566
NEW_BLOCK,72,3d,1715,0.17590087463556853,0.03606743735248772,0.038075801749271145,0.05117201166180758,0.065122122126131,0.06819283239953121,0.09100219457194217,0.5216843781484835,0.5506551988913811,0.7399677927582158,0.489012401053819,0.5119713780073639,0.6831582513001667,5.261154493996215,5.274647688336251,29.499042626718264,Chronos-2,True,healthy,0.47,13.98,0.0739,0.1241
NEW_BLOCK_RO,72,3d,1715,0.00037900874635568517,0.00044264199201332583,0.00037900874635568517,0.0006647230320699709,0.0019249567910743948,0.0019468146967692769,0.0025782223179353072,0.22034923463149733,0.18866675130640548,0.3311550478739138,0.058155225293329824,0.058816188129904044,0.077941956814189,-16.7928281510703,-16.789387123515958,33.46040290003534,NPTS,True,dead,0.35,96.34,1.6337,0.0012
TECH_PARK,72,3d,1715,0.40137609329446067,0.18276204766476464,0.2277667638483965,0.33189504373177847,0.34927118687453285,0.39205298029552155,0.5746550746408627,0.5330154446965402,0.6642854198192886,0.9678293604045506,0.3495287095436836,0.3923032871520296,0.5745452388637261,19.761080283601427,19.75912351004266,44.92671265172811,Chronos-2,True,healthy,0.76,11.22,0.0889,0.44
BE_BLOCK_OHT,168,7d,4019,1.8786290121920877,0.7210642366867274,0.7310251306295099,0.9610052251803931,1.1734561409828645,1.2007683220855763,1.5740306321520472,0.7605195261704695,0.7709758947753615,1.01351807055271,0.734490511463817,0.7515126738807218,0.9849873176045645,1.3562510417966747,1.3625925464703095,24.96241080775904,Chronos-2,True,healthy,9.9,3.12,0.097,1.6739
BE_BLOCK_RO,168,7d,4019,0.01094302065190346,0.007562393314736004,0.010079621796466784,0.012448370241353571,0.013156914602631862,0.018170216163045337,0.022352889178816636,0.5724516930577882,0.7631324467778756,0.9418096354502942,0.21088697811856819,0.29149090399599337,0.3575479425470506,24.986587128510436,24.973441787400645,39.217898022025445,Chronos-2,True,dead,10.44,73.53,0.2841,0.0083
CRICKET_GROUND_OHT,168,7d,4019,0.008621547648668822,0.008965363681666753,0.00869121672057726,0.01601891017666086,0.03198390728405941,0.03214292230943998,0.04789004159115845,0.15949164157064669,0.15460266758236255,0.2840501381506989,0.24941023178937802,0.2506594501241847,0.3728608527666853,-3.1622830735954817,-3.1542989883157047,43.85088399920771,NPTS,True,degraded,20.7,39.98,0.1437,0.0423
F_BLOCK,168,7d,4019,0.712963423737248,0.3627728198487594,0.41773575516297584,0.6547101268972381,0.7697005348959145,0.782167098192515,1.1836749510102704,0.6221670245170426,0.7164139216041499,1.1228730411584669,0.6384195714740697,0.6486742355981647,0.9815047800674562,13.15536929769251,13.157345196073324,44.591507524737295,Chronos-2,True,healthy,0.2,5.87,0.0883,0.6979
GJBC_BLOCK_1_A1_BOYS,168,7d,4019,0.15860413038069174,0.08271442577765634,0.08277432197063948,0.10990047275441651,0.12040090626211884,0.121486705678568,0.16186636949203032,0.6222481802228614,0.622764609560468,0.8268253556675591,0.5609032648532891,0.5659996539815446,0.754238565103297,0.08292528664578772,0.07236083794729553,24.742489334948722,Chronos-2,True,degraded,1.91,14.61,0.112,0.1723
GJBC_BLOCK_1_A2_GIRLS,168,7d,4019,0.16429957700920625,0.07881946833328277,0.0788156257775566,0.1081288877830306,0.12344035333275659,0.12361177377006101,0.16791810999589407,0.5786985937802012,0.5787206979001722,0.7939594495238017,0.5764900390949508,0.5773027337955937,0.784320449831537,0.0038194797682644457,-0.0048753729837892525,27.11232366750077,Chronos-2,True,healthy,0.78,14.31,0.0781,0.1758
GJBC_BLOCK_1_A3,168,7d,4019,0.18890768847972134,0.10469019337513459,0.10706145807414781,0.13916645931823834,0.1533955125210871,0.15553197923999434,0.20609516664844355,0.6207790904819117,0.6348996832962238,0.8252739351875199,0.558380896752865,0.5661881787944114,0.7504304589061136,2.2240667598071377,2.214863071798394,24.779026210144707,Chronos-2,True,healthy,0.62,14.45,0.0657,0.2201
GJBC_BLOCK_1_A4_RO,168,7d,4019,0.0041602388653894,0.0041839825659931214,0.0041602388653894,0.005884548395123166,0.020145117299494465,0.020169720283694275,0.026961493280794568,0.0700659833288958,0.0696666906437413,0.09854970422293229,0.10121512310561429,0.10134090437402021,0.1357076979219867,-0.5731471976993782,-0.5707292627174425,28.90289840911404,NPTS,True,degraded,0.38,51.5,0.1179,0.0611
GJBC_BLOCK_2_A1,168,7d,4013,0.3998504859207575,0.12083206136907511,0.15885621729379518,0.21793421380513334,0.21663618995159478,0.2872220592819274,0.3835595023610844,0.5798502984753999,0.7623258546739872,1.0458222542750772,0.612591917391339,0.8121361927373953,1.0845507974579058,23.93668732075523,23.93620883871145,44.55555940743207,Chronos-2,True,healthy,0.53,10.08,0.0883,0.3573
GJBC_LAW_BLOCK_3_A4_BOYS,168,7d,4019,1.2819656631002738,0.6173658075193826,0.6582383677531725,0.886596168201045,1.0024236215909157,1.0876118001007242,1.4121779821950091,0.7455654121894596,0.7949503691067616,1.0708097186753107,0.6257641459390406,0.6789464441899238,0.8814901022093679,6.212332094743598,6.20938587540924,30.3736789845546,Chronos-2,True,healthy,0.45,5.42,0.0677,1.2215
GJBC_LAW_BLOCK_3__A1,168,7d,3995,0.6534518147684606,0.41569284696393977,0.43627284105131414,0.5746232790988736,1.5740746990950283,1.5919969984437212,1.8693548645219533,1.6862899179300648,1.7701926151387295,2.3278443778054028,1.4305437720307514,1.446861508125014,1.6945343008950715,4.739749589458619,4.717230171326151,27.560023599179317,Chronos-2,False,healthy,0.49,13.84,0.07,0.3325
GJBC_LAW_BLOCK_3__A2,168,7d,4019,0.41123413784523516,0.19047376694356544,0.25143816869868124,0.24657626275192832,0.38523773766393893,0.5280032525328278,0.4771284732595862,0.44568439437204843,0.5883593498957107,0.5767549747103538,0.2099629850882585,0.2879184594641886,0.26008173291907744,24.249628317957733,24.246279739721775,22.72552229031556,Chronos-2,True,healthy,2.82,12.46,0.0774,0.5662
GJBC_LAW_BLOCK_3__A3_GIRLS,168,7d,4019,0.323018163722319,0.16917744140448218,0.18552625031102266,0.1984598158745957,0.23496402239212227,0.26663724748561135,0.27937525831566584,0.6630468052567543,0.7271410200799071,0.77765908916716,0.518379759236486,0.5886808208707137,0.6163333533105,8.814550830334033,8.812127059719453,14.738114105134498,Chronos-2,True,healthy,0.71,7.68,0.0691,0.4178
G_BLOCK,168,7d,4019,1.0174222443393879,0.3668366765898832,0.3608036825080866,0.5208459815874596,0.7872919047433694,0.7827939605495204,1.093148878818209,0.7271086799157243,0.7151839659788722,1.0323175834874923,0.6895639487990568,0.6856471260472841,0.9569189711812035,-1.667363154671772,-1.672098810039563,29.565407821561724,NPTS,True,healthy,0.47,6.04,0.0853,1.0397
I&H_BLOCK,168,7d,4019,0.30510077133615326,0.3083600382292914,0.3051555113212242,0.6190644438915153,1.455757409554539,1.460407663945814,2.0485761263154902,0.8180797011426186,0.8096533427617191,1.6416232268550377,1.3939124058741477,1.3982029586418538,1.9504281664898426,-1.040736564139578,-1.0501291273399118,50.166415304084964,NPTS,True,degraded,0.36,51.62,0.1146,0.2788
INFORMATION_CENTRE,168,7d,4019,0.015349589450111969,0.015761212986439992,0.015349589450111969,0.03791490420502613,0.06518654824536943,0.06542243155740471,0.11090861811658498,1.828493417635586,1.7806780756654128,4.462833743148178,1.0904044803685435,1.094393698409071,1.8668491718575626,-2.6852322507708393,-2.6816582793034955,59.02842178598104,NPTS,False,dead,4.02,91.87,0.1863,0.0052
IT_BLOCK,168,7d,4019,0.09161731774073154,0.062048877977422444,0.06636974371734262,0.09842746951978106,0.12748394668935653,0.14143208822961745,0.19173595719871167,1.0634600737528574,1.1384217604875575,1.6864563460405833,0.7897243363288329,0.8763829448583084,1.186599753915044,6.584702553699943,6.510294447304194,36.94114429646398,Chronos-2,False,degraded,0.45,39.96,0.1157,0.0567
ME_WORKSHOP_BLOCK,168,7d,4019,0.03508584224931575,0.025346416937908917,0.026061209256033842,0.036907190843493407,0.04425069722941261,0.04672930309882138,0.0643939341159792,0.15294908682972036,0.15728163579943033,0.22273122677436927,0.05974754280961567,0.0631099459824184,0.08697381164503191,2.7546438894080114,2.742744249135069,31.3302005090375,Chronos-2,True,degraded,19.88,18.4,0.1447,0.1211
MM_BLOCK,168,7d,4019,1.1247001741726799,0.24666358234752436,0.25028614083105255,0.34459318238367753,0.3780868509933131,0.40458635903954526,0.5283698705259618,0.5575577492752173,0.56569999701944,0.7787559564880183,0.48636086317278127,0.5204351621994796,0.6795819753524736,1.439322571525994,1.4473667904662275,28.4040469122504,Chronos-2,True,healthy,0.63,3.9,0.0577,1.1283
MRD_BLOCK,168,7d,4019,1.4343468524508582,0.8408850719549669,0.866752923612839,1.238036825080866,1.3871654847733232,1.3943819848526129,1.8860966207492371,0.6985250823513611,0.7200289241076581,1.0281847341321242,0.4827838703212402,0.485305266910427,0.6563247655764736,2.986524712593588,2.9844550797761986,32.06229783785148,Chronos-2,True,healthy,1.45,13.63,0.086,1.3927
NBX,168,7d,3998,0.7322611305652826,0.3111627469917367,0.2976688344172086,0.46806153076538276,0.6475362400213808,0.6554336706702854,1.0721133981856978,0.734624293035989,0.7028854915847597,1.105444829641413,0.6362734126106396,0.6442401993141463,1.0495844343579146,-4.515501007094268,-4.533196295456045,33.544915735479236,NPTS,True,healthy,0.38,8.62,0.0824,0.6566
NEW_BLOCK,168,7d,4019,0.17475491415775066,0.036239670691916706,0.038442398606618564,0.05199054491166957,0.0660592095196722,0.06890390552115805,0.09064708903179294,0.524235979657118,0.5560203391103824,0.7518855817152926,0.49608959003671915,0.5173488473399744,0.6806205365384107,5.716402299980344,5.729944005946126,30.277160194884004,Chronos-2,True,healthy,0.47,13.98,0.0739,0.1241
NEW_BLOCK_RO,168,7d,4019,0.0003732271709380443,0.0004302059239936141,0.0003732271709380443,0.0006295098283155015,0.0019100806275272665,0.0019319088253280596,0.0025090034442294047,0.21423082075179364,0.18587092208946857,0.31351982874522544,0.057730081594719575,0.058390782688840515,0.07583627988477515,-15.25784579078706,-15.26650723535568,31.669131866653537,NPTS,True,dead,0.35,96.34,1.6337,0.0012
TECH_PARK,168,7d,4019,0.39104005971634737,0.1784703980838223,0.2235108235879572,0.3157377457078875,0.3438477102373833,0.38504395266508373,0.5566002218083852,0.5204692135790714,0.6518536325339314,0.9206855754313613,0.3438811462854166,0.3851922797026777,0.5564066602068308,20.155509212111497,20.15133977903774,43.469385481007436,Chronos-2,True,healthy,0.76,11.22,0.0889,0.44
