model,hour,mae,bias,mean_actual
Chronos2-COV,0,0.11153546061821948,0.04505390840162161,0.3108680555555556
Chronos2-COV,1,0.10131303052753436,0.036127562938790006,0.28953125
Chronos2-COV,2,0.10281761175867965,0.03606521775398708,0.27875
Chronos2-COV,3,0.0907514200321384,0.01923744538708787,0.2494270833333333
Chronos2-COV,4,0.09432654007511397,0.021891205166098694,0.25277777777777777
Chronos2-COV,5,0.11670931622802325,0.035599902219797114,0.28914930555555557
Chronos2-COV,6,0.13796210949481771,0.03522766670949851,0.36744791666666665
Chronos2-COV,7,0.20576968757821304,0.04425153900569259,0.5377951388888889
Chronos2-COV,8,0.2520355671607872,0.02175752266438293,0.7403645833333333
Chronos2-COV,9,0.35747616879687283,0.1066849133579914,0.7946527777777779
Chronos2-COV,10,0.36654911338907065,0.08019326356903346,0.7628993055555555
Chronos2-COV,11,0.35602309863247983,0.11678209901624036,0.7039930555555556
Chronos2-COV,12,0.31556145656549534,0.06545050694529182,0.6284027777777778
Chronos2-COV,13,0.3056214689961533,0.0650153612666476,0.6315970961887477
Chronos2-COV,14,0.351653113585361,0.14247060333480874,0.6815426497277677
Chronos2-COV,15,0.36785937432428323,0.16086605624343522,0.6957894736842105
Chronos2-COV,16,0.30758794545894913,0.14515296357034696,0.6878079710144928
Chronos2-COV,17,0.2826611395639644,0.15098117679775105,0.6169927536231884
Chronos2-COV,18,0.13523649292044126,0.052832121313682444,0.41581521739130434
Chronos2-COV,19,0.16864084119599335,0.05302973712087133,0.38956521739130434
Chronos2-COV,20,0.14306839846904065,0.04807300836788896,0.34607985480943737
Chronos2-COV,21,0.11359085234917764,0.03432887605350455,0.3270235934664247
Chronos2-COV,22,0.1443301749409687,0.050115133906825954,0.34407969639468694
Chronos2-COV,23,0.12454627626927307,0.047103921877248954,0.3327355072463768
Chronos2-COV-LEAN,0,0.11080379711557826,0.0450410008069351,0.3108680555555556
Chronos2-COV-LEAN,1,0.100298111243032,0.03586525175834039,0.28953125
Chronos2-COV-LEAN,2,0.1019752030500725,0.03579089834693554,0.27875
Chronos2-COV-LEAN,3,0.09014209576905867,0.018692234170812297,0.2494270833333333
Chronos2-COV-LEAN,4,0.09392136364845809,0.021373866338702405,0.25277777777777777
Chronos2-COV-LEAN,5,0.11596444240821357,0.035655639224609736,0.28914930555555557
Chronos2-COV-LEAN,6,0.1363501613454759,0.03536715169710887,0.36744791666666665
Chronos2-COV-LEAN,7,0.2038381362004212,0.04359049964373601,0.5377951388888889
Chronos2-COV-LEAN,8,0.24922062229209083,0.018258343996906963,0.7403645833333333
Chronos2-COV-LEAN,9,0.3573793972296698,0.10399701738469755,0.7946527777777779
Chronos2-COV-LEAN,10,0.3687025954013168,0.07807928668789019,0.7628993055555555
Chronos2-COV-LEAN,11,0.35666926178836245,0.11417491047298729,0.7039930555555556
Chronos2-COV-LEAN,12,0.3164476884418319,0.06355987684710675,0.6284027777777778
Chronos2-COV-LEAN,13,0.3056875642710036,0.06180113120558088,0.6315970961887477
Chronos2-COV-LEAN,14,0.3522020774698916,0.14104223356322773,0.6815426497277677
Chronos2-COV-LEAN,15,0.36854477764406884,0.16003875008256457,0.6957894736842105
Chronos2-COV-LEAN,16,0.30952814339431495,0.14410259024075578,0.6878079710144928
Chronos2-COV-LEAN,17,0.28194801871250835,0.15045477334725244,0.6169927536231884
Chronos2-COV-LEAN,18,0.13496299121875155,0.05297329110049127,0.41581521739130434
Chronos2-COV-LEAN,19,0.16843120353132743,0.0528833852486307,0.38956521739130434
Chronos2-COV-LEAN,20,0.14398678064668727,0.0466760164758439,0.34607985480943737
Chronos2-COV-LEAN,21,0.11296095117026544,0.03406642572292568,0.3270235934664247
Chronos2-COV-LEAN,22,0.14357989545960592,0.050056852795023726,0.34407969639468694
Chronos2-COV-LEAN,23,0.1239142973493216,0.04740755465428726,0.3327355072463768
Chronos2-COV-XL,0,0.11176064638742093,0.045672562014416246,0.3108680555555556
Chronos2-COV-XL,1,0.10129650026631579,0.03651206961504512,0.28953125
Chronos2-COV-XL,2,0.10353191742996892,0.03634879570958017,0.27875
Chronos2-COV-XL,3,0.09183073376196665,0.018811745192203185,0.2494270833333333
Chronos2-COV-XL,4,0.09482642392527245,0.021838431545034433,0.25277777777777777
Chronos2-COV-XL,5,0.11659691190450555,0.03573219469674061,0.28914930555555557
Chronos2-COV-XL,6,0.13794177717741857,0.03614414889869093,0.36744791666666665
Chronos2-COV-XL,7,0.2043707013667477,0.04693806296600895,0.5377951388888889
Chronos2-COV-XL,8,0.25189308373180713,0.030518311895907067,0.7403645833333333
Chronos2-COV-XL,9,0.3573209778494412,0.1107395237569694,0.7946527777777779
Chronos2-COV-XL,10,0.3656015351708265,0.08204960841795886,0.7628993055555555
Chronos2-COV-XL,11,0.35393823317302225,0.11356222039204214,0.7039930555555556
Chronos2-COV-XL,12,0.3159157052849231,0.06043407672942015,0.6284027777777778
Chronos2-COV-XL,13,0.3058772265807026,0.06256080140134475,0.6315970961887477
Chronos2-COV-XL,14,0.35161150689022586,0.14008651647748452,0.6815426497277677
Chronos2-COV-XL,15,0.3687396803423116,0.1605835739018023,0.6957894736842105
Chronos2-COV-XL,16,0.3084235906216381,0.14692231191818028,0.6878079710144928
Chronos2-COV-XL,17,0.2830471229835467,0.15425559761967936,0.6169927536231884
Chronos2-COV-XL,18,0.13498845276132604,0.0542677333358628,0.41581521739130434
Chronos2-COV-XL,19,0.16806167397414423,0.053411209838695996,0.38956521739130434
Chronos2-COV-XL,20,0.14314673934652034,0.04869285539851124,0.34607985480943737
Chronos2-COV-XL,21,0.11317380238994584,0.03448551785280276,0.3270235934664247
Chronos2-COV-XL,22,0.1439439126928169,0.051008249826382926,0.34407969639468694
Chronos2-COV-XL,23,0.12396455139291651,0.04781817994167795,0.3327355072463768
Chronos2-ZS,0,0.11267330261893019,0.042947347316187205,0.3108680555555556
Chronos2-ZS,1,0.1012647387528644,0.03301939915523083,0.28953125
Chronos2-ZS,2,0.10357577174674387,0.03312543669603554,0.27875
Chronos2-ZS,3,0.09404958233324578,0.017640716597096696,0.2494270833333333
Chronos2-ZS,4,0.09708775548136651,0.021040215506258796,0.25277777777777777
Chronos2-ZS,5,0.11930500593479437,0.03674567161106097,0.28914930555555557
Chronos2-ZS,6,0.13743147142193873,0.03389093036423421,0.36744791666666665
Chronos2-ZS,7,0.20323767693691883,0.04915208270183534,0.5377951388888889
Chronos2-ZS,8,0.2417310398173989,0.002481138506057806,0.7403645833333333
Chronos2-ZS,9,0.3592921115571233,0.09100178268226752,0.7946527777777779
Chronos2-ZS,10,0.36860655896832517,0.06428017447838809,0.7628993055555555
Chronos2-ZS,11,0.3579048668804211,0.09919336637307827,0.7039930555555556
Chronos2-ZS,12,0.32086640529520083,0.054569673877029136,0.6284027777777778
Chronos2-ZS,13,0.3064701629867067,0.049960774301700026,0.6315970961887477
Chronos2-ZS,14,0.35615046701304864,0.12429520255932078,0.6815426497277677
Chronos2-ZS,15,0.368203623399826,0.14342662118670885,0.6957894736842105
Chronos2-ZS,16,0.3112722487424069,0.12845636228411594,0.6878079710144928
Chronos2-ZS,17,0.28498593162019964,0.14469291429325348,0.6169927536231884
Chronos2-ZS,18,0.1341277721989225,0.047214762178372824,0.41581521739130434
Chronos2-ZS,19,0.16862945277387684,0.048064501331676224,0.38956521739130434
Chronos2-ZS,20,0.1460619923611807,0.04079617981138486,0.34607985480943737
Chronos2-ZS,21,0.11502938631449162,0.029911929350629446,0.3270235934664247
Chronos2-ZS,22,0.14541127495352352,0.046627072961104105,0.34407969639468694
Chronos2-ZS,23,0.12574464573742117,0.04442099417352702,0.3327355072463768
DynamicOptimizedTheta,0,0.1785252778980892,0.029073635910034687,0.3108680555555556
DynamicOptimizedTheta,1,0.1701636702891025,0.016041175795983194,0.28953125
DynamicOptimizedTheta,2,0.16583758924340525,0.01508090409986935,0.27875
DynamicOptimizedTheta,3,0.1549346054485924,0.00776161760439199,0.2494270833333333
DynamicOptimizedTheta,4,0.16206269141378427,0.005496538344439626,0.25277777777777777
DynamicOptimizedTheta,5,0.19267722917509256,0.0038047482575223096,0.28914930555555557
DynamicOptimizedTheta,6,0.20974865552763322,0.007115726284208382,0.36744791666666665
DynamicOptimizedTheta,7,0.27171434975696057,0.011639035265618344,0.5377951388888889
DynamicOptimizedTheta,8,0.36991706165346255,-0.03311729196164765,0.7403645833333333
DynamicOptimizedTheta,9,0.42926264342859527,0.019238306772446468,0.7946527777777779
DynamicOptimizedTheta,10,0.4605288567373822,-0.017530985391042295,0.7628993055555555
DynamicOptimizedTheta,11,0.4474198728819275,0.05268801697829928,0.7039930555555556
DynamicOptimizedTheta,12,0.39429689649175353,0.014738639363170155,0.6284027777777778
DynamicOptimizedTheta,13,0.3825229346825078,-0.008670876305221778,0.6315970961887477
DynamicOptimizedTheta,14,0.4017676776915699,0.07802254028827853,0.6815426497277677
DynamicOptimizedTheta,15,0.4346042481255213,0.10281887055808304,0.6957894736842105
DynamicOptimizedTheta,16,0.3676257559162533,0.08317983849661337,0.6878079710144928
DynamicOptimizedTheta,17,0.3347601864851098,0.10950023805096629,0.6169927536231884
DynamicOptimizedTheta,18,0.19211937744906452,0.010478258352643122,0.41581521739130434
DynamicOptimizedTheta,19,0.23353131478903671,0.012958904838846862,0.38956521739130434
DynamicOptimizedTheta,20,0.21008374337393929,0.013223588037024525,0.34607985480943737
DynamicOptimizedTheta,21,0.19929083215026047,-0.002450692821444689,0.3270235934664247
DynamicOptimizedTheta,22,0.18834884373389682,0.021351088176986905,0.34407969639468694
DynamicOptimizedTheta,23,0.1778352148862055,0.006954151277885465,0.3327355072463768
ETS,0,0.1547848081363813,0.014649854373845368,0.3108680555555556
ETS,1,0.14285169534986303,0.0011216229922030474,0.28953125
ETS,2,0.14847209947939172,0.0016596303209945804,0.27875
ETS,3,0.14395464767903146,-0.008646420449436905,0.2494270833333333
ETS,4,0.1447684653343855,-0.01297138481673213,0.25277777777777777
ETS,5,0.1698980321054281,-0.019339075603057143,0.28914930555555557
ETS,6,0.1915543070561087,-0.0173242924205197,0.36744791666666665
ETS,7,0.2566252311941217,-0.012648519443617464,0.5377951388888889
ETS,8,0.3457801575754943,-0.06143614183497234,0.7403645833333333
ETS,9,0.42298411018701365,-0.013609833153500896,0.7946527777777779
ETS,10,0.4451249935220086,-0.03790840381301626,0.7628993055555555
ETS,11,0.451213359952926,0.026553968025642288,0.7039930555555556
ETS,12,0.3884664995088596,-0.01265275768136703,0.6284027777777778
ETS,13,0.3843389129649548,-0.04377697416058684,0.6315970961887477
ETS,14,0.4044405101220553,0.03486580806116279,0.6815426497277677
ETS,15,0.4445672114982671,0.05376844843230494,0.6957894736842105
ETS,16,0.3832151234288669,0.027738072124898698,0.6878079710144928
ETS,17,0.3235007135052605,0.061074985545439324,0.6169927536231884
ETS,18,0.1770640277122005,-0.008531857505296203,0.41581521739130434
ETS,19,0.22083961706477997,-0.009584357333345098,0.38956521739130434
ETS,20,0.18708066369331425,-0.0032495246417914986,0.34607985480943737
ETS,21,0.17204280733637775,-0.021353146382869646,0.3270235934664247
ETS,22,0.17668321998672676,-0.00747679420005421,0.34407969639468694
ETS,23,0.16156556595616242,-0.013525906078984224,0.3327355072463768
NPTS,0,0.11953125000000002,0.06505208333333333,0.3108680555555556
NPTS,1,0.10689236111111111,0.05564236111111111,0.28953125
NPTS,2,0.11,0.05579861111111111,0.27875
NPTS,3,0.09815972222222222,0.043229166666666666,0.2494270833333333
NPTS,4,0.10015625,0.036614583333333325,0.25277777777777777
NPTS,5,0.12494791666666666,0.05241319444444445,0.28914930555555557
NPTS,6,0.14604166666666668,0.025868055555555557,0.36744791666666665
NPTS,7,0.21223958333333334,0.004809027777777773,0.5377951388888889
NPTS,8,0.2963715277777778,-0.07845486111111111,0.7403645833333333
NPTS,9,0.3910590277777778,0.008524305555555556,0.7946527777777779
NPTS,10,0.42225694444444445,-0.012534722222222213,0.7628993055555555
NPTS,11,0.39977430555555554,0.037795138888888885,0.7039930555555556
NPTS,12,0.3527604166666667,0.023107638888888896,0.6284027777777778
NPTS,13,0.34803992740471873,1.8148820326679387e-05,0.6315970961887477
NPTS,14,0.38252268602540834,0.13098003629764066,0.6815426497277677
NPTS,15,0.4009255898366606,0.1406715063520871,0.6957894736842105
NPTS,16,0.35384057971014493,0.11902173913043479,0.6878079710144928
NPTS,17,0.30409420289855077,0.13590579710144926,0.6169927536231884
NPTS,18,0.14072463768115942,0.040942028985507244,0.41581521739130434
NPTS,19,0.16818840579710145,0.03873188405797101,0.38956521739130434
NPTS,20,0.1472595281306715,0.06068965517241379,0.34607985480943737
NPTS,21,0.1223956442831216,0.05096188747731397,0.3270235934664247
NPTS,22,0.14986717267552183,0.06907020872865274,0.34407969639468694
NPTS,23,0.12864130434782606,0.06168478260869565,0.3327355072463768
PatchTST,0,0.1531388599739748,-0.06186874658958926,0.3108680555555556
PatchTST,1,0.15235695334478874,-0.06900120590576808,0.28953125
PatchTST,2,0.15131267905299256,-0.06211913217653495,0.27875
PatchTST,3,0.14938064338317358,-0.07505537057138265,0.2494270833333333
PatchTST,4,0.1491633448866605,-0.06323366514400577,0.25277777777777777
PatchTST,5,0.155618185866904,-0.032841359149538174,0.28914930555555557
PatchTST,6,0.1742354729248842,0.027607138695978035,0.36744791666666665
PatchTST,7,0.29527641209188854,0.17337533279115871,0.5377951388888889
PatchTST,8,0.44835075051976264,0.351840361383722,0.7403645833333333
PatchTST,9,0.5174860562150596,0.39131195832658494,0.7946527777777779
PatchTST,10,0.4877885947300947,0.3547874034103591,0.7628993055555555
PatchTST,11,0.4597365783237071,0.2974677538667157,0.7039930555555556
PatchTST,12,0.39142256703424005,0.22257463057303165,0.6284027777777778
PatchTST,13,0.39405288620838586,0.21780719881674723,0.6315970961887477
PatchTST,14,0.4297878850287474,0.25631841442855113,0.6815426497277677
PatchTST,15,0.45084087184936716,0.2576695007495883,0.6957894736842105
PatchTST,16,0.3959518535481995,0.23950014445398926,0.6878079710144928
PatchTST,17,0.33020930238128726,0.16730034215601816,0.6169927536231884
PatchTST,18,0.1840178704998732,-0.02510346988593388,0.41581521739130434
PatchTST,19,0.20814121281160006,-0.0384268325346465,0.38956521739130434
PatchTST,20,0.18524085780554903,-0.06693954877690922,0.34607985480943737
PatchTST,21,0.1521753771429791,-0.07559175294531385,0.3270235934664247
PatchTST,22,0.16732654418928788,-0.056917412745489636,0.34407969639468694
PatchTST,23,0.15777696350591636,-0.056853936942450785,0.3327355072463768
PatchTST-Tuned,0,0.1304335382388227,0.0002713921774010559,0.3108680555555556
PatchTST-Tuned,1,0.12779133608037962,-0.01236959311551561,0.28953125
PatchTST-Tuned,2,0.13024270150990708,-0.008850369777064479,0.27875
PatchTST-Tuned,3,0.12574232856135248,-0.02624301166107097,0.2494270833333333
PatchTST-Tuned,4,0.12632969874988675,-0.022776286602488503,0.25277777777777777
PatchTST-Tuned,5,0.14308340128584457,-0.009090473048083282,0.28914930555555557
PatchTST-Tuned,6,0.16477797309774106,0.025509751730443616,0.36744791666666665
PatchTST-Tuned,7,0.2750913317483229,0.13775910995190566,0.5377951388888889
PatchTST-Tuned,8,0.4044426816851897,0.28573899950432285,0.7403645833333333
PatchTST-Tuned,9,0.4692280106062219,0.3073733644211955,0.7946527777777779
PatchTST-Tuned,10,0.450565592995786,0.26935682801737343,0.7628993055555555
PatchTST-Tuned,11,0.4355681717262817,0.22478754986648497,0.7039930555555556
PatchTST-Tuned,12,0.3679873108811852,0.1674501666505757,0.6284027777777778
PatchTST-Tuned,13,0.37733841279592195,0.18487914846362855,0.6315970961887477
PatchTST-Tuned,14,0.41987844858597195,0.243477827980077,0.6815426497277677
PatchTST-Tuned,15,0.4423623315558175,0.2614325606817344,0.6957894736842105
PatchTST-Tuned,16,0.3966991927820837,0.2610470705675269,0.6878079710144928
PatchTST-Tuned,17,0.33330054890010313,0.2057205509626539,0.6169927536231884
PatchTST-Tuned,18,0.1714281226074478,0.029273008522464266,0.41581521739130434
PatchTST-Tuned,19,0.18276630665586016,0.029016318285423937,0.38956521739130434
PatchTST-Tuned,20,0.15618556457048252,0.008844390594250164,0.34607985480943737
PatchTST-Tuned,21,0.1258428755221622,0.003054086706072118,0.3270235934664247
PatchTST-Tuned,22,0.14949401803021733,0.02311610298135892,0.34407969639468694
PatchTST-Tuned,23,0.1329807479929961,0.013909520357506673,0.3327355072463768
SeasonalNaive,0,0.14703125,0.01439236111111111,0.3108680555555556
SeasonalNaive,1,0.13881944444444444,0.002812499999999999,0.28953125
SeasonalNaive,2,0.1353125,0.010625,0.27875
SeasonalNaive,3,0.12604166666666666,0.005069444444444444,0.2494270833333333
SeasonalNaive,4,0.13510416666666666,0.0024999999999999983,0.25277777777777777
SeasonalNaive,5,0.16309027777777776,0.00048611111111111126,0.28914930555555557
SeasonalNaive,6,0.21029513888888887,0.0050173611111111105,0.36744791666666665
SeasonalNaive,7,0.29453125,0.009461805555555555,0.5377951388888889
SeasonalNaive,8,0.3490625,0.007048611111111112,0.7403645833333333
SeasonalNaive,9,0.5309201388888889,-0.014774305555555558,0.7946527777777779
SeasonalNaive,10,0.5838368055555556,0.023524305555555555,0.7628993055555555
SeasonalNaive,11,0.5695138888888889,-0.013506944444444445,0.7039930555555556
SeasonalNaive,12,0.5117708333333333,-0.006354166666666672,0.6284027777777778
SeasonalNaive,13,0.49588021778584396,-0.02753176043557169,0.6315970961887477
SeasonalNaive,14,0.5210526315789474,0.009147005444646094,0.6815426497277677
SeasonalNaive,15,0.6270961887477314,-0.009818511796733207,0.6957894736842105
SeasonalNaive,16,0.48990942028985507,0.01190217391304348,0.6878079710144928
SeasonalNaive,17,0.39059782608695653,0.012192028985507251,0.6169927536231884
SeasonalNaive,18,0.19157608695652173,-0.012481884057971014,0.41581521739130434
SeasonalNaive,19,0.23626811594202896,-0.013949275362318839,0.38956521739130434
SeasonalNaive,20,0.2083666061705989,-0.004192377495462795,0.34607985480943737
SeasonalNaive,21,0.1877858439201452,-0.034174228675136115,0.3270235934664247
SeasonalNaive,22,0.21267552182163188,-0.016850094876660345,0.34407969639468694
SeasonalNaive,23,0.1748731884057971,-0.01077898550724638,0.3327355072463768
Theta,0,0.17720384538866318,0.028882300961816234,0.3108680555555556
Theta,1,0.16885292038437474,0.016083666362699804,0.28953125
Theta,2,0.1650563709983062,0.015021526298600726,0.27875
Theta,3,0.15413395117912895,0.008296050786673961,0.2494270833333333
Theta,4,0.16104306905066687,0.005695640925488921,0.25277777777777777
Theta,5,0.19156416594016903,0.004004884963541736,0.28914930555555557
Theta,6,0.2080674404326528,0.006712283504050441,0.36744791666666665
Theta,7,0.2706049550450564,0.011180516682085653,0.5377951388888889
Theta,8,0.36843149820135324,-0.033725215621674805,0.7403645833333333
Theta,9,0.42863243790685124,0.018635889383327185,0.7946527777777779
Theta,10,0.4597697211412906,-0.018043131790259112,0.7628993055555555
Theta,11,0.44726041768710245,0.05211065615856309,0.7039930555555556
Theta,12,0.39447828439751814,0.014122276430258337,0.6284027777777778
Theta,13,0.38221748426539404,-0.00918035343933672,0.6315970961887477
Theta,14,0.40196560950351584,0.07728545508831475,0.6815426497277677
Theta,15,0.43441403080596774,0.10220648758804346,0.6957894736842105
Theta,16,0.3664324540529898,0.08273100438483703,0.6878079710144928
Theta,17,0.33438673510650224,0.10899539955146756,0.6169927536231884
Theta,18,0.19223503066880898,0.010010191542313585,0.41581521739130434
Theta,19,0.23207954323481844,0.012809721657356332,0.38956521739130434
Theta,20,0.20924057239151417,0.013211980677210316,0.34607985480943737
Theta,21,0.19792264323803138,-0.002626737855582901,0.3270235934664247
Theta,22,0.1881767651575154,0.021167779844299864,0.34407969639468694
Theta,23,0.17679021170572193,0.0069027202204403025,0.3327355072463768
