model,step,mae
Chronos2-COV,1,0.1832657065320561
Chronos2-COV,2,0.2307249837551364
Chronos2-COV,3,0.1994092323232447
Chronos2-COV,4,0.1839995818714854
Chronos2-COV,5,0.19428405063456816
Chronos2-COV,6,0.186941950983627
Chronos2-COV,7,0.1969112666633656
Chronos2-COV,8,0.20567740623474998
Chronos2-COV,9,0.22377772644505767
Chronos2-COV,10,0.18619038388633877
Chronos2-COV,11,0.2100747428780111
Chronos2-COV,12,0.21198089315519206
Chronos2-COV,13,0.19744062043191662
Chronos2-COV,14,0.24905620111756838
Chronos2-COV,15,0.24813195848735423
Chronos2-COV,16,0.2067747692893634
Chronos2-COV,17,0.22954719961599354
Chronos2-COV,18,0.22684613805027187
Chronos2-COV,19,0.2706970378751546
Chronos2-COV,20,0.23767513733569354
Chronos2-COV,21,0.17559624054388037
Chronos2-COV,22,0.1951269828803337
Chronos2-COV,23,0.18785108350080432
Chronos2-COV,24,0.21324875985346042
Chronos2-COV,25,0.2461585416769663
Chronos2-COV,26,0.21610035437425218
Chronos2-COV,27,0.19742258494627135
Chronos2-COV,28,0.2060765441868616
Chronos2-COV,29,0.20010703669734825
Chronos2-COV,30,0.21213239527245606
Chronos2-COV,31,0.2176900419411201
Chronos2-COV,32,0.21344806758371204
Chronos2-COV,33,0.1882039474447245
Chronos2-COV,34,0.21362698410749645
Chronos2-COV,35,0.2153624240364257
Chronos2-COV,36,0.203710963773103
Chronos2-COV,37,0.24346303856463136
Chronos2-COV,38,0.2576230135225948
Chronos2-COV,39,0.21383294476823114
Chronos2-COV,40,0.24484813068929523
Chronos2-COV,41,0.24129800487371947
Chronos2-COV,42,0.2703343165419048
Chronos2-COV,43,0.23587685360326635
Chronos2-COV,44,0.175397417507515
Chronos2-COV,45,0.19426062822707968
Chronos2-COV,46,0.19263688909781532
Chronos2-COV,47,0.21709537031856596
Chronos2-COV,48,0.25105419614043867
Chronos2-COV,49,0.21800554083269766
Chronos2-COV,50,0.20568952591059647
Chronos2-COV,51,0.21103592497608828
Chronos2-COV,52,0.20517438745191321
Chronos2-COV,53,0.21400255911655322
Chronos2-COV,54,0.22060913481152966
Chronos2-COV,55,0.20602881704940146
Chronos2-COV,56,0.19768130555510854
Chronos2-COV,57,0.21782969862913484
Chronos2-COV,58,0.2057100534032563
Chronos2-COV,59,0.19539432810216467
Chronos2-COV,60,0.24489901769943875
Chronos2-COV,61,0.25535000027437493
Chronos2-COV,62,0.2103268580564731
Chronos2-COV,63,0.23887492785053632
Chronos2-COV,64,0.2402416980688253
Chronos2-COV,65,0.2769015365107286
Chronos2-COV,66,0.22537081888165814
Chronos2-COV,67,0.1789731006574574
Chronos2-COV,68,0.19967734450794675
Chronos2-COV,69,0.19729409744923368
Chronos2-COV,70,0.21522393794366101
Chronos2-COV,71,0.2504621917716375
Chronos2-COV,72,0.2128197609792753
Chronos2-COV,73,0.20245929501651908
Chronos2-COV,74,0.21348802426196634
Chronos2-COV,75,0.21395456030372853
Chronos2-COV,76,0.22208421093399616
Chronos2-COV,77,0.22337016940551419
Chronos2-COV,78,0.2046532653014381
Chronos2-COV,79,0.19484003062743996
Chronos2-COV,80,0.21807299288201545
Chronos2-COV,81,0.20688900885628148
Chronos2-COV,82,0.19743010230011554
Chronos2-COV,83,0.2366029208521488
Chronos2-COV,84,0.252750396929805
Chronos2-COV,85,0.19895845965510184
Chronos2-COV,86,0.25320331699340587
Chronos2-COV,87,0.2441207715842554
Chronos2-COV,88,0.28519680259463104
Chronos2-COV,89,0.21691180139901928
Chronos2-COV,90,0.17977463670351504
Chronos2-COV,91,0.20094950165033504
Chronos2-COV,92,0.19729576409173644
Chronos2-COV,93,0.20843463046902697
Chronos2-COV,94,0.2522030691282028
Chronos2-COV,95,0.21374627660313206
Chronos2-COV,96,0.208108430727057
Chronos2-COV,97,0.21438621768803215
Chronos2-COV,98,0.21060664398477857
Chronos2-COV,99,0.2159552535973085
Chronos2-COV,100,0.22310554784661185
Chronos2-COV,101,0.20697447091672075
Chronos2-COV,102,0.19286502622621304
Chronos2-COV,103,0.20371825657277642
Chronos2-COV,104,0.20731622334481573
Chronos2-COV,105,0.20036419850790682
Chronos2-COV,106,0.24950248683071552
Chronos2-COV,107,0.22826041246519
Chronos2-COV,108,0.19253795401179863
Chronos2-COV,109,0.25703684728791915
Chronos2-COV,110,0.24222414992545158
Chronos2-COV,111,0.2980982968238742
Chronos2-COV,112,0.22853718542064663
Chronos2-COV,113,0.17369430829233123
Chronos2-COV,114,0.2058096852117299
Chronos2-COV,115,0.19902726293402198
Chronos2-COV,116,0.20885244803325703
Chronos2-COV,117,0.25291562123345807
Chronos2-COV,118,0.21284634086275117
Chronos2-COV,119,0.20052399992543557
Chronos2-COV,120,0.21067663664426656
Chronos2-COV,121,0.20992237766549476
Chronos2-COV,122,0.21528752778435672
Chronos2-COV,123,0.2237806970931423
Chronos2-COV,124,0.20642215623245042
Chronos2-COV,125,0.1931931434953286
Chronos2-COV,126,0.20613710922648656
Chronos2-COV,127,0.20460474286116045
Chronos2-COV,128,0.20458758386243264
Chronos2-COV,129,0.25148710023574594
Chronos2-COV,130,0.222823314894053
Chronos2-COV,131,0.20144622626799294
Chronos2-COV,132,0.25837349880654886
Chronos2-COV,133,0.2471045855073276
Chronos2-COV,134,0.29057554077559167
Chronos2-COV,135,0.2466532425413394
Chronos2-COV,136,0.19001002804643433
Chronos2-COV,137,0.22505608389025714
Chronos2-COV,138,0.20080394818618003
Chronos2-COV,139,0.21215672242506523
Chronos2-COV,140,0.2628991562691267
Chronos2-COV,141,0.21500263300403377
Chronos2-COV,142,0.2021890557130839
Chronos2-COV,143,0.21044016633196128
Chronos2-COV,144,0.20474935204285077
Chronos2-COV,145,0.21211969043415188
Chronos2-COV,146,0.22054944810003993
Chronos2-COV,147,0.21015356939106924
Chronos2-COV,148,0.193817799332719
Chronos2-COV,149,0.20538187488964266
Chronos2-COV,150,0.20872672190548555
Chronos2-COV,151,0.1998328478932106
Chronos2-COV,152,0.25475633496952166
Chronos2-COV,153,0.22666330917122346
Chronos2-COV,154,0.20520788228969145
Chronos2-COV,155,0.2636050182305189
Chronos2-COV,156,0.24294713341650803
Chronos2-COV,157,0.29107959118803084
Chronos2-COV,158,0.2459662257567291
Chronos2-COV,159,0.19366971746315045
Chronos2-COV,160,0.2244767314608492
Chronos2-COV,161,0.20814623694623943
Chronos2-COV,162,0.20581007295116352
Chronos2-COV,163,0.25849095169159736
Chronos2-COV,164,0.2151766477979739
Chronos2-COV,165,0.19961916988873046
Chronos2-COV,166,0.20915583735137935
Chronos2-COV,167,0.203427694451898
Chronos2-COV,168,0.22224010584847242
Chronos2-COV-LEAN,1,0.1834175688475902
Chronos2-COV-LEAN,2,0.23080199329849782
Chronos2-COV-LEAN,3,0.2005451549335218
Chronos2-COV-LEAN,4,0.18433522753820392
Chronos2-COV-LEAN,5,0.1938176733647878
Chronos2-COV-LEAN,6,0.18658782421142348
Chronos2-COV-LEAN,7,0.19779417421306988
Chronos2-COV-LEAN,8,0.20554883311568928
Chronos2-COV-LEAN,9,0.22417921883072672
Chronos2-COV-LEAN,10,0.1865683366558652
Chronos2-COV-LEAN,11,0.2101102600910963
Chronos2-COV-LEAN,12,0.21238333674942017
Chronos2-COV-LEAN,13,0.19754814098315868
Chronos2-COV-LEAN,14,0.248709442041436
Chronos2-COV-LEAN,15,0.24862872664956293
Chronos2-COV-LEAN,16,0.20563631116963865
Chronos2-COV-LEAN,17,0.22844311559037137
Chronos2-COV-LEAN,18,0.22482424970637363
Chronos2-COV-LEAN,19,0.26817371139306223
Chronos2-COV-LEAN,20,0.23718386821296958
Chronos2-COV-LEAN,21,0.1753792168266696
Chronos2-COV-LEAN,22,0.19571243572274066
Chronos2-COV-LEAN,23,0.18858777592204995
Chronos2-COV-LEAN,24,0.21456351044135627
Chronos2-COV-LEAN,25,0.24694402521569786
Chronos2-COV-LEAN,26,0.2167143213531219
Chronos2-COV-LEAN,27,0.1958405265425251
Chronos2-COV-LEAN,28,0.20587566597084314
Chronos2-COV-LEAN,29,0.1991648540466619
Chronos2-COV-LEAN,30,0.21324800289799895
Chronos2-COV-LEAN,31,0.2176025948495549
Chronos2-COV-LEAN,32,0.2128759322928454
Chronos2-COV-LEAN,33,0.18800436435872447
Chronos2-COV-LEAN,34,0.21378502549370346
Chronos2-COV-LEAN,35,0.21630606887416637
Chronos2-COV-LEAN,36,0.20414119571832595
Chronos2-COV-LEAN,37,0.24276043291760288
Chronos2-COV-LEAN,38,0.25688828983445594
Chronos2-COV-LEAN,39,0.21287215781873076
Chronos2-COV-LEAN,40,0.24444930160251616
Chronos2-COV-LEAN,41,0.23970533857128937
Chronos2-COV-LEAN,42,0.2696513390762225
Chronos2-COV-LEAN,43,0.23686765109094915
Chronos2-COV-LEAN,44,0.1756836575411341
Chronos2-COV-LEAN,45,0.1939654306189643
Chronos2-COV-LEAN,46,0.19232021566607138
Chronos2-COV-LEAN,47,0.2175681339979484
Chronos2-COV-LEAN,48,0.2514288283979719
Chronos2-COV-LEAN,49,0.21814366973407434
Chronos2-COV-LEAN,50,0.20610248789858152
Chronos2-COV-LEAN,51,0.2113868268718943
Chronos2-COV-LEAN,52,0.20457965312145812
Chronos2-COV-LEAN,53,0.21558374296493438
Chronos2-COV-LEAN,54,0.22057686756172593
Chronos2-COV-LEAN,55,0.20571731696277612
Chronos2-COV-LEAN,56,0.19829582424406705
Chronos2-COV-LEAN,57,0.21795566235460784
Chronos2-COV-LEAN,58,0.2070725026540539
Chronos2-COV-LEAN,59,0.1963566275653688
Chronos2-COV-LEAN,60,0.24538049659547445
Chronos2-COV-LEAN,61,0.2552217127471764
Chronos2-COV-LEAN,62,0.20988316852536323
Chronos2-COV-LEAN,63,0.23894999748161755
Chronos2-COV-LEAN,64,0.2396504642647455
Chronos2-COV-LEAN,65,0.274792678719249
Chronos2-COV-LEAN,66,0.2259248274757284
Chronos2-COV-LEAN,67,0.1787389395219962
Chronos2-COV-LEAN,68,0.1991956859483748
Chronos2-COV-LEAN,69,0.1972405437659027
Chronos2-COV-LEAN,70,0.2155398864603194
Chronos2-COV-LEAN,71,0.2505871292806518
Chronos2-COV-LEAN,72,0.21241564837136442
Chronos2-COV-LEAN,73,0.20147349783922747
Chronos2-COV-LEAN,74,0.2136036001631423
Chronos2-COV-LEAN,75,0.214326181410249
Chronos2-COV-LEAN,76,0.2228409629373386
Chronos2-COV-LEAN,77,0.22369486548013004
Chronos2-COV-LEAN,78,0.20431418179982253
Chronos2-COV-LEAN,79,0.1952038844011016
Chronos2-COV-LEAN,80,0.21866958204235643
Chronos2-COV-LEAN,81,0.20712585272895215
Chronos2-COV-LEAN,82,0.1978510809791947
Chronos2-COV-LEAN,83,0.23763315627742282
Chronos2-COV-LEAN,84,0.2529948090611449
Chronos2-COV-LEAN,85,0.1986721238061283
Chronos2-COV-LEAN,86,0.25268146115509205
Chronos2-COV-LEAN,87,0.24335657432897684
Chronos2-COV-LEAN,88,0.2843131805070233
Chronos2-COV-LEAN,89,0.21749341683767573
Chronos2-COV-LEAN,90,0.17935462322048842
Chronos2-COV-LEAN,91,0.2002635447813927
Chronos2-COV-LEAN,92,0.1968970851322879
Chronos2-COV-LEAN,93,0.20790283247265406
Chronos2-COV-LEAN,94,0.2519764701692798
Chronos2-COV-LEAN,95,0.2144420958462635
Chronos2-COV-LEAN,96,0.20832031037527257
Chronos2-COV-LEAN,97,0.21554520849479847
Chronos2-COV-LEAN,98,0.2101821070880386
Chronos2-COV-LEAN,99,0.21739603056298315
Chronos2-COV-LEAN,100,0.22339657231540005
Chronos2-COV-LEAN,101,0.2068024106455252
Chronos2-COV-LEAN,102,0.1926708257254278
Chronos2-COV-LEAN,103,0.20399815101965943
Chronos2-COV-LEAN,104,0.20764939250847722
Chronos2-COV-LEAN,105,0.20074388337953375
Chronos2-COV-LEAN,106,0.2497476327358163
Chronos2-COV-LEAN,107,0.22816954913953344
Chronos2-COV-LEAN,108,0.1916793364063819
Chronos2-COV-LEAN,109,0.256677910843282
Chronos2-COV-LEAN,110,0.2413777863140341
Chronos2-COV-LEAN,111,0.29626137927413865
Chronos2-COV-LEAN,112,0.228381996183069
Chronos2-COV-LEAN,113,0.17295333754474942
Chronos2-COV-LEAN,114,0.20530524396124986
Chronos2-COV-LEAN,115,0.19840910819681443
Chronos2-COV-LEAN,116,0.20923699747773047
Chronos2-COV-LEAN,117,0.2528008520256642
Chronos2-COV-LEAN,118,0.21314013325856243
Chronos2-COV-LEAN,119,0.20106024817221432
Chronos2-COV-LEAN,120,0.21088025391234247
Chronos2-COV-LEAN,121,0.2106132298500925
Chronos2-COV-LEAN,122,0.21682967084087673
Chronos2-COV-LEAN,123,0.22494539203226546
Chronos2-COV-LEAN,124,0.20685459247125737
Chronos2-COV-LEAN,125,0.19310560663103388
Chronos2-COV-LEAN,126,0.20692287563194744
Chronos2-COV-LEAN,127,0.20495837083781632
Chronos2-COV-LEAN,128,0.2052629836709942
Chronos2-COV-LEAN,129,0.25175387927542436
Chronos2-COV-LEAN,130,0.22299119667837658
Chronos2-COV-LEAN,131,0.20140194991821772
Chronos2-COV-LEAN,132,0.2584057902230577
Chronos2-COV-LEAN,133,0.2469994006800294
Chronos2-COV-LEAN,134,0.2898054730518116
Chronos2-COV-LEAN,135,0.24742000001663259
Chronos2-COV-LEAN,136,0.18963393754616947
Chronos2-COV-LEAN,137,0.22565657069994868
Chronos2-COV-LEAN,138,0.20096384330693146
Chronos2-COV-LEAN,139,0.21230242093040336
Chronos2-COV-LEAN,140,0.26378744593547
Chronos2-COV-LEAN,141,0.21549715697746757
Chronos2-COV-LEAN,142,0.20278846804176498
Chronos2-COV-LEAN,143,0.21079431420509986
Chronos2-COV-LEAN,144,0.20448456908594007
Chronos2-COV-LEAN,145,0.21163230863887292
Chronos2-COV-LEAN,146,0.22021277189156535
Chronos2-COV-LEAN,147,0.20987407541962766
Chronos2-COV-LEAN,148,0.1934992086049897
Chronos2-COV-LEAN,149,0.20455553462539683
Chronos2-COV-LEAN,150,0.20839397193215214
Chronos2-COV-LEAN,151,0.2003158163356905
Chronos2-COV-LEAN,152,0.25431624648284923
Chronos2-COV-LEAN,153,0.2261456339104229
Chronos2-COV-LEAN,154,0.2044338074884945
Chronos2-COV-LEAN,155,0.2628439649283731
Chronos2-COV-LEAN,156,0.24205229870915193
Chronos2-COV-LEAN,157,0.29006169058807346
Chronos2-COV-LEAN,158,0.24664978269655258
Chronos2-COV-LEAN,159,0.1933777409364429
Chronos2-COV-LEAN,160,0.22464303642327127
Chronos2-COV-LEAN,161,0.2080842172096119
Chronos2-COV-LEAN,162,0.2075281495567833
Chronos2-COV-LEAN,163,0.2597265081353665
Chronos2-COV-LEAN,164,0.21611800314209784
Chronos2-COV-LEAN,165,0.20014850927078692
Chronos2-COV-LEAN,166,0.2085254486637271
Chronos2-COV-LEAN,167,0.20281984805825937
Chronos2-COV-LEAN,168,0.22274135327716874
Chronos2-COV-XL,1,0.18393312567197953
Chronos2-COV-XL,2,0.22979817156395638
Chronos2-COV-XL,3,0.1977430103192819
Chronos2-COV-XL,4,0.18321996414555722
Chronos2-COV-XL,5,0.19513332871233072
Chronos2-COV-XL,6,0.18712795514452432
Chronos2-COV-XL,7,0.19685255345719066
Chronos2-COV-XL,8,0.20628446244902282
Chronos2-COV-XL,9,0.22371202616207786
Chronos2-COV-XL,10,0.1857011387589672
Chronos2-COV-XL,11,0.21057948392482406
Chronos2-COV-XL,12,0.21232807927317077
Chronos2-COV-XL,13,0.197820467901252
Chronos2-COV-XL,14,0.24974614942464543
Chronos2-COV-XL,15,0.24566880355719845
Chronos2-COV-XL,16,0.20563396664872846
Chronos2-COV-XL,17,0.22932775050910792
Chronos2-COV-XL,18,0.22669467321885547
Chronos2-COV-XL,19,0.27162507584465306
Chronos2-COV-XL,20,0.2379666345362067
Chronos2-COV-XL,21,0.17543413429133112
Chronos2-COV-XL,22,0.19482062870205147
Chronos2-COV-XL,23,0.18710139636028078
Chronos2-COV-XL,24,0.21267525823466712
Chronos2-COV-XL,25,0.2460173335353181
Chronos2-COV-XL,26,0.2159342517707531
Chronos2-COV-XL,27,0.19826290579778344
Chronos2-COV-XL,28,0.20589182606312323
Chronos2-COV-XL,29,0.20064041136964428
Chronos2-COV-XL,30,0.21025854368721614
Chronos2-COV-XL,31,0.2169088324589029
Chronos2-COV-XL,32,0.21316125379310202
Chronos2-COV-XL,33,0.18815363102982602
Chronos2-COV-XL,34,0.21347167152906169
Chronos2-COV-XL,35,0.2153749029560883
Chronos2-COV-XL,36,0.2037523021235595
Chronos2-COV-XL,37,0.24326070647233589
Chronos2-COV-XL,38,0.2571253254165054
Chronos2-COV-XL,39,0.21355291991661943
Chronos2-COV-XL,40,0.24366180976253116
Chronos2-COV-XL,41,0.24140045172446964
Chronos2-COV-XL,42,0.2694585761890347
Chronos2-COV-XL,43,0.23459818335309138
Chronos2-COV-XL,44,0.17449336269563062
Chronos2-COV-XL,45,0.1937423543730872
Chronos2-COV-XL,46,0.19168386971818932
Chronos2-COV-XL,47,0.21692871416920956
Chronos2-COV-XL,48,0.249522461023193
Chronos2-COV-XL,49,0.21733222758295598
Chronos2-COV-XL,50,0.20509436609575363
Chronos2-COV-XL,51,0.21095835612777863
Chronos2-COV-XL,52,0.20576191322280338
Chronos2-COV-XL,53,0.2130895560041649
Chronos2-COV-XL,54,0.22020310123231362
Chronos2-COV-XL,55,0.2055811367142956
Chronos2-COV-XL,56,0.19730280999837205
Chronos2-COV-XL,57,0.21725011858018356
Chronos2-COV-XL,58,0.20554418397412114
Chronos2-COV-XL,59,0.19502082481517088
Chronos2-COV-XL,60,0.24420534313267936
Chronos2-COV-XL,61,0.25607760552684344
Chronos2-COV-XL,62,0.21065487117426931
Chronos2-COV-XL,63,0.23835834742536866
Chronos2-COV-XL,64,0.24017537106718617
Chronos2-COV-XL,65,0.276883044988495
Chronos2-COV-XL,66,0.22465149634712298
Chronos2-COV-XL,67,0.1779547860417819
Chronos2-COV-XL,68,0.19975212367981188
Chronos2-COV-XL,69,0.1969051151885732
Chronos2-COV-XL,70,0.21582336692880444
Chronos2-COV-XL,71,0.2506935069875625
Chronos2-COV-XL,72,0.2126891762315386
Chronos2-COV-XL,73,0.20279599456525124
Chronos2-COV-XL,74,0.21278958876622922
Chronos2-COV-XL,75,0.21424003008538453
Chronos2-COV-XL,76,0.2209191749052924
Chronos2-COV-XL,77,0.22274317681285133
Chronos2-COV-XL,78,0.20454389755836827
Chronos2-COV-XL,79,0.19498975462612889
Chronos2-COV-XL,80,0.21829148237230078
Chronos2-COV-XL,81,0.20649183347815173
Chronos2-COV-XL,82,0.19769646520223938
Chronos2-COV-XL,83,0.23665981136976674
Chronos2-COV-XL,84,0.25370306931044373
Chronos2-COV-XL,85,0.19914877784283613
Chronos2-COV-XL,86,0.25282274678881855
Chronos2-COV-XL,87,0.24272907492907203
Chronos2-COV-XL,88,0.283975966720518
Chronos2-COV-XL,89,0.21517504589522418
Chronos2-COV-XL,90,0.1788159039545946
Chronos2-COV-XL,91,0.20102035961776932
Chronos2-COV-XL,92,0.19709966881759058
Chronos2-COV-XL,93,0.20914762772275733
Chronos2-COV-XL,94,0.2519411962804265
Chronos2-COV-XL,95,0.2132199254519987
Chronos2-COV-XL,96,0.2070563775053572
Chronos2-COV-XL,97,0.21439023190990253
Chronos2-COV-XL,98,0.21021953151292855
Chronos2-COV-XL,99,0.21476066580782371
Chronos2-COV-XL,100,0.22270861270708542
Chronos2-COV-XL,101,0.20689862410125998
Chronos2-COV-XL,102,0.19266090295790492
Chronos2-COV-XL,103,0.2036936325060924
Chronos2-COV-XL,104,0.20674554757530939
Chronos2-COV-XL,105,0.19992008533298455
Chronos2-COV-XL,106,0.2480823156711267
Chronos2-COV-XL,107,0.22847184332114315
Chronos2-COV-XL,108,0.1929207835266344
Chronos2-COV-XL,109,0.25667896802190726
Chronos2-COV-XL,110,0.2418805398893346
Chronos2-COV-XL,111,0.29729500352813676
Chronos2-COV-XL,112,0.22710776178559855
Chronos2-COV-XL,113,0.17366351527665216
Chronos2-COV-XL,114,0.20525123953120783
Chronos2-COV-XL,115,0.19873842982981435
Chronos2-COV-XL,116,0.20869741678686193
Chronos2-COV-XL,117,0.2524258523883327
Chronos2-COV-XL,118,0.21335131306209304
Chronos2-COV-XL,119,0.20017347809930292
Chronos2-COV-XL,120,0.21053954662529994
Chronos2-COV-XL,121,0.20951251821932182
Chronos2-COV-XL,122,0.21456126205529774
Chronos2-COV-XL,123,0.2235661382168756
Chronos2-COV-XL,124,0.20551334517201514
Chronos2-COV-XL,125,0.19218510787186258
Chronos2-COV-XL,126,0.20644548750752112
Chronos2-COV-XL,127,0.2048908613049793
Chronos2-COV-XL,128,0.2049569587017605
Chronos2-COV-XL,129,0.25188210879338535
Chronos2-COV-XL,130,0.2229620137121593
Chronos2-COV-XL,131,0.20136027654546826
Chronos2-COV-XL,132,0.25834470522664765
Chronos2-COV-XL,133,0.24594442125794658
Chronos2-COV-XL,134,0.28962639115332217
Chronos2-COV-XL,135,0.24533174828475585
Chronos2-COV-XL,136,0.18841025457708974
Chronos2-COV-XL,137,0.22417824917683862
Chronos2-COV-XL,138,0.20030756699722665
Chronos2-COV-XL,139,0.21219514537187123
Chronos2-COV-XL,140,0.2627496441281174
Chronos2-COV-XL,141,0.21432790025916498
Chronos2-COV-XL,142,0.20226476131711238
Chronos2-COV-XL,143,0.21029979145861352
Chronos2-COV-XL,144,0.20599356977977668
Chronos2-COV-XL,145,0.2122666659009984
Chronos2-COV-XL,146,0.21965066499205324
Chronos2-COV-XL,147,0.21004581761160404
Chronos2-COV-XL,148,0.19448900232881797
Chronos2-COV-XL,149,0.20569535667242034
Chronos2-COV-XL,150,0.20857792238439693
Chronos2-COV-XL,151,0.2007323099209538
Chronos2-COV-XL,152,0.25460899034079276
Chronos2-COV-XL,153,0.22734213227489816
Chronos2-COV-XL,154,0.20545608309196622
Chronos2-COV-XL,155,0.2632629247323469
Chronos2-COV-XL,156,0.24335600677852604
Chronos2-COV-XL,157,0.29084139560133027
Chronos2-COV-XL,158,0.24615227184543875
Chronos2-COV-XL,159,0.19424728377167053
Chronos2-COV-XL,160,0.2237437708021425
Chronos2-COV-XL,161,0.20780961639002857
Chronos2-COV-XL,162,0.2051529264239192
Chronos2-COV-XL,163,0.257596519676772
Chronos2-COV-XL,164,0.21420848606741452
Chronos2-COV-XL,165,0.19957984105106444
Chronos2-COV-XL,166,0.20963904456457771
Chronos2-COV-XL,167,0.20313230376844496
Chronos2-COV-XL,168,0.2209459043509681
Chronos2-ZS,1,0.1822700012404433
Chronos2-ZS,2,0.2303496228131437
Chronos2-ZS,3,0.2014817866293419
Chronos2-ZS,4,0.1847466195913234
Chronos2-ZS,5,0.1948112859730204
Chronos2-ZS,6,0.1910988890038358
Chronos2-ZS,7,0.20328438660969672
Chronos2-ZS,8,0.21202293048197235
Chronos2-ZS,9,0.2259284740876804
Chronos2-ZS,10,0.18814260527739357
Chronos2-ZS,11,0.21126362011306912
Chronos2-ZS,12,0.21233554725855355
Chronos2-ZS,13,0.2016851577365944
Chronos2-ZS,14,0.2509080492133742
Chronos2-ZS,15,0.24616314639715287
Chronos2-ZS,16,0.20427123092649127
Chronos2-ZS,17,0.22875214820004328
Chronos2-ZS,18,0.22427495735419906
Chronos2-ZS,19,0.2670540430294531
Chronos2-ZS,20,0.24052668362560234
Chronos2-ZS,21,0.17664365153528788
Chronos2-ZS,22,0.1964963098723541
Chronos2-ZS,23,0.18986415792521116
Chronos2-ZS,24,0.21604964486953035
Chronos2-ZS,25,0.24731523081616827
Chronos2-ZS,26,0.21871792498036988
Chronos2-ZS,27,0.1999116501238359
Chronos2-ZS,28,0.20688176072330983
Chronos2-ZS,29,0.20047566675257505
Chronos2-ZS,30,0.2155250142236845
Chronos2-ZS,31,0.2204748458953529
Chronos2-ZS,32,0.21329965970433679
Chronos2-ZS,33,0.19061295908581288
Chronos2-ZS,34,0.21633859767448788
Chronos2-ZS,35,0.21775080980853492
Chronos2-ZS,36,0.2099049437839292
Chronos2-ZS,37,0.24419607624287082
Chronos2-ZS,38,0.25360888116270264
Chronos2-ZS,39,0.21236216293478924
Chronos2-ZS,40,0.24276215230575365
Chronos2-ZS,41,0.24195772500196958
Chronos2-ZS,42,0.2726625653528673
Chronos2-ZS,43,0.2394875197822876
Chronos2-ZS,44,0.1759711101442616
Chronos2-ZS,45,0.1962454944794957
Chronos2-ZS,46,0.19235961598472506
Chronos2-ZS,47,0.21820590866440195
Chronos2-ZS,48,0.2496199382831037
Chronos2-ZS,49,0.21850259125499077
Chronos2-ZS,50,0.20943131646483976
Chronos2-ZS,51,0.21203979186370323
Chronos2-ZS,52,0.2073543632161196
Chronos2-ZS,53,0.21983777334998902
Chronos2-ZS,54,0.22460984013621987
Chronos2-ZS,55,0.20958211841014013
Chronos2-ZS,56,0.20068042570095712
Chronos2-ZS,57,0.2223269269569472
Chronos2-ZS,58,0.2105811085474569
Chronos2-ZS,59,0.19744333817238738
Chronos2-ZS,60,0.24543274310414645
Chronos2-ZS,61,0.2519157664592179
Chronos2-ZS,62,0.2060687375670346
Chronos2-ZS,63,0.23816763991848955
Chronos2-ZS,64,0.24152902201277662
Chronos2-ZS,65,0.2755437330793534
Chronos2-ZS,66,0.22939453671349458
Chronos2-ZS,67,0.1779708274293509
Chronos2-ZS,68,0.1976909872279948
Chronos2-ZS,69,0.199014309992459
Chronos2-ZS,70,0.2167528469353258
Chronos2-ZS,71,0.24988842753807047
Chronos2-ZS,72,0.21389770270450148
Chronos2-ZS,73,0.20364863368105143
Chronos2-ZS,74,0.21377112112183366
Chronos2-ZS,75,0.2139197626678273
Chronos2-ZS,76,0.22536001906658282
Chronos2-ZS,77,0.22666459574796236
Chronos2-ZS,78,0.2064448429661166
Chronos2-ZS,79,0.19638127350613002
Chronos2-ZS,80,0.22082180663828896
Chronos2-ZS,81,0.2120437113516588
Chronos2-ZS,82,0.20114426568914498
Chronos2-ZS,83,0.23962141113481467
Chronos2-ZS,84,0.25109750413753823
Chronos2-ZS,85,0.19850035713685632
Chronos2-ZS,86,0.25352009315484286
Chronos2-ZS,87,0.24511861059009485
Chronos2-ZS,88,0.28810206456021764
Chronos2-ZS,89,0.22298109073366407
Chronos2-ZS,90,0.18333239587007252
Chronos2-ZS,91,0.20499366837242497
Chronos2-ZS,92,0.20151729713320407
Chronos2-ZS,93,0.2118593299301574
Chronos2-ZS,94,0.2505275226586148
Chronos2-ZS,95,0.21674692809513443
Chronos2-ZS,96,0.21003717339884329
Chronos2-ZS,97,0.21842359328940106
Chronos2-ZS,98,0.21392095316350865
Chronos2-ZS,99,0.222290954368879
Chronos2-ZS,100,0.22850359750501514
Chronos2-ZS,101,0.2084242418720007
Chronos2-ZS,102,0.19582113313472896
Chronos2-ZS,103,0.207203376881583
Chronos2-ZS,104,0.2092083334054506
Chronos2-ZS,105,0.2026696960805849
Chronos2-ZS,106,0.2507786428261776
Chronos2-ZS,107,0.2253110791554718
Chronos2-ZS,108,0.19013112148299924
Chronos2-ZS,109,0.25692272669765465
Chronos2-ZS,110,0.24213599375146766
Chronos2-ZS,111,0.2951191865690998
Chronos2-ZS,112,0.22985678310573265
Chronos2-ZS,113,0.17448699184057465
Chronos2-ZS,114,0.20386276305124731
Chronos2-ZS,115,0.1986689428973963
Chronos2-ZS,116,0.20894863218247337
Chronos2-ZS,117,0.25364678921692557
Chronos2-ZS,118,0.2146647431491955
Chronos2-ZS,119,0.20191947368823154
Chronos2-ZS,120,0.21125393998604267
Chronos2-ZS,121,0.2126053243454829
Chronos2-ZS,122,0.220351403645893
Chronos2-ZS,123,0.22674653693863847
Chronos2-ZS,124,0.2063183227703323
Chronos2-ZS,125,0.19505999743544333
Chronos2-ZS,126,0.20787467044803837
Chronos2-ZS,127,0.2059894142291988
Chronos2-ZS,128,0.2050259481553035
Chronos2-ZS,129,0.2526971061021403
Chronos2-ZS,130,0.22318872889430674
Chronos2-ZS,131,0.20085388945301222
Chronos2-ZS,132,0.2602542595873941
Chronos2-ZS,133,0.24612855950505036
Chronos2-ZS,134,0.28901082696902247
Chronos2-ZS,135,0.2495072314134718
Chronos2-ZS,136,0.1906576521627281
Chronos2-ZS,137,0.227381224346088
Chronos2-ZS,138,0.20469847239768538
Chronos2-ZS,139,0.21409451756211234
Chronos2-ZS,140,0.26365316076168
Chronos2-ZS,141,0.21777880539580413
Chronos2-ZS,142,0.2068908243289946
Chronos2-ZS,143,0.21058331092914728
Chronos2-ZS,144,0.20778622855382123
Chronos2-ZS,145,0.2161823270347506
Chronos2-ZS,146,0.2260848231972624
Chronos2-ZS,147,0.2098153795859657
Chronos2-ZS,148,0.1971929757354115
Chronos2-ZS,149,0.20724567245746583
Chronos2-ZS,150,0.20913848646808117
Chronos2-ZS,151,0.20220390911608574
Chronos2-ZS,152,0.2551215475883267
Chronos2-ZS,153,0.22556061575676317
Chronos2-ZS,154,0.2027955091527595
Chronos2-ZS,155,0.2624190273609889
Chronos2-ZS,156,0.2442208092115915
Chronos2-ZS,157,0.2882678904546022
Chronos2-ZS,158,0.24946282406365902
Chronos2-ZS,159,0.19448313320655092
Chronos2-ZS,160,0.227307300062757
Chronos2-ZS,161,0.20969052861483928
Chronos2-ZS,162,0.2107851172624881
Chronos2-ZS,163,0.2574851828533105
Chronos2-ZS,164,0.21786525206139534
Chronos2-ZS,165,0.20544336745226754
Chronos2-ZS,166,0.21100563933963523
Chronos2-ZS,167,0.20600924505727042
Chronos2-ZS,168,0.2276209362062784
DynamicOptimizedTheta,1,0.2415869975980053
DynamicOptimizedTheta,2,0.27398704023281734
DynamicOptimizedTheta,3,0.25553309052862694
DynamicOptimizedTheta,4,0.24628371965117668
DynamicOptimizedTheta,5,0.26390006763720597
DynamicOptimizedTheta,6,0.2755255387300015
DynamicOptimizedTheta,7,0.2889320093610959
DynamicOptimizedTheta,8,0.27715071552728165
DynamicOptimizedTheta,9,0.3069476564480565
DynamicOptimizedTheta,10,0.25522209949626895
DynamicOptimizedTheta,11,0.2744197083186218
DynamicOptimizedTheta,12,0.2679866610824829
DynamicOptimizedTheta,13,0.26520177437781745
DynamicOptimizedTheta,14,0.31556473142620345
DynamicOptimizedTheta,15,0.32055461845123473
DynamicOptimizedTheta,16,0.28652505728676575
DynamicOptimizedTheta,17,0.2912999960593677
DynamicOptimizedTheta,18,0.28028252542588356
DynamicOptimizedTheta,19,0.3384225749865553
DynamicOptimizedTheta,20,0.30731579611258353
DynamicOptimizedTheta,21,0.2699170106151898
DynamicOptimizedTheta,22,0.2790075746245654
DynamicOptimizedTheta,23,0.26436941868314906
DynamicOptimizedTheta,24,0.28873034196172687
DynamicOptimizedTheta,25,0.3487906962992688
DynamicOptimizedTheta,26,0.2853018124268633
DynamicOptimizedTheta,27,0.27235654713119617
DynamicOptimizedTheta,28,0.2808208947470737
DynamicOptimizedTheta,29,0.2974367042027469
DynamicOptimizedTheta,30,0.2810529156661435
DynamicOptimizedTheta,31,0.2837770487943827
DynamicOptimizedTheta,32,0.2746648455343553
DynamicOptimizedTheta,33,0.2559823038633231
DynamicOptimizedTheta,34,0.2805039336756348
DynamicOptimizedTheta,35,0.2877397027074912
DynamicOptimizedTheta,36,0.2717290198323475
DynamicOptimizedTheta,37,0.3217755592528916
DynamicOptimizedTheta,38,0.32433035307602437
DynamicOptimizedTheta,39,0.31262581287901464
DynamicOptimizedTheta,40,0.3307429214459945
DynamicOptimizedTheta,41,0.3264366173567492
DynamicOptimizedTheta,42,0.33551743812411616
DynamicOptimizedTheta,43,0.30474485559247616
DynamicOptimizedTheta,44,0.25130180354334236
DynamicOptimizedTheta,45,0.28094518573477173
DynamicOptimizedTheta,46,0.2725563317808401
DynamicOptimizedTheta,47,0.2968862208515776
DynamicOptimizedTheta,48,0.32065254165181656
DynamicOptimizedTheta,49,0.2915863870132466
DynamicOptimizedTheta,50,0.2852117251895739
DynamicOptimizedTheta,51,0.29706222786326825
DynamicOptimizedTheta,52,0.2676001903620203
DynamicOptimizedTheta,53,0.2906156181611357
DynamicOptimizedTheta,54,0.3016313250046843
DynamicOptimizedTheta,55,0.28280406303248395
DynamicOptimizedTheta,56,0.266611997805718
DynamicOptimizedTheta,57,0.2754707930912
DynamicOptimizedTheta,58,0.28096627580440464
DynamicOptimizedTheta,59,0.276182172037978
DynamicOptimizedTheta,60,0.31281487382377066
DynamicOptimizedTheta,61,0.31321697395750164
DynamicOptimizedTheta,62,0.28831014731076676
DynamicOptimizedTheta,63,0.30522315117925414
DynamicOptimizedTheta,64,0.3113203097713945
DynamicOptimizedTheta,65,0.3635886297498694
DynamicOptimizedTheta,66,0.30990349279687956
DynamicOptimizedTheta,67,0.29399299657262157
DynamicOptimizedTheta,68,0.29011983089754745
DynamicOptimizedTheta,69,0.29373535286929287
DynamicOptimizedTheta,70,0.3150087230140473
DynamicOptimizedTheta,71,0.3384838657454654
DynamicOptimizedTheta,72,0.31304161484364834
DynamicOptimizedTheta,73,0.2970370966734542
DynamicOptimizedTheta,74,0.29515802899674076
DynamicOptimizedTheta,75,0.30225803475076807
DynamicOptimizedTheta,76,0.29766747399718146
DynamicOptimizedTheta,77,0.2931220891616388
DynamicOptimizedTheta,78,0.2893703801869661
DynamicOptimizedTheta,79,0.28480319322157216
DynamicOptimizedTheta,80,0.3045071932951377
DynamicOptimizedTheta,81,0.3176957787446206
DynamicOptimizedTheta,82,0.2845378631228564
DynamicOptimizedTheta,83,0.3303302470443242
DynamicOptimizedTheta,84,0.36128748157984203
DynamicOptimizedTheta,85,0.31811458839423534
DynamicOptimizedTheta,86,0.347395412300737
DynamicOptimizedTheta,87,0.3377431373410095
DynamicOptimizedTheta,88,0.36662483791406
DynamicOptimizedTheta,89,0.3039456623877139
DynamicOptimizedTheta,90,0.28209317796093325
DynamicOptimizedTheta,91,0.28768997811780056
DynamicOptimizedTheta,92,0.29109046503302255
DynamicOptimizedTheta,93,0.28575216351974503
DynamicOptimizedTheta,94,0.33128566691856254
DynamicOptimizedTheta,95,0.31443883243084003
DynamicOptimizedTheta,96,0.28740757198628
DynamicOptimizedTheta,97,0.30923725489890785
DynamicOptimizedTheta,98,0.29940575590856344
DynamicOptimizedTheta,99,0.30860926551442985
DynamicOptimizedTheta,100,0.30812448860030117
DynamicOptimizedTheta,101,0.2921867455911786
DynamicOptimizedTheta,102,0.27938233518460054
DynamicOptimizedTheta,103,0.2893052700685513
DynamicOptimizedTheta,104,0.33296417803761463
DynamicOptimizedTheta,105,0.2999740429130482
DynamicOptimizedTheta,106,0.3463583561241017
DynamicOptimizedTheta,107,0.322632449408008
DynamicOptimizedTheta,108,0.2901145662081318
DynamicOptimizedTheta,109,0.33838238505951496
DynamicOptimizedTheta,110,0.3086950163277357
DynamicOptimizedTheta,111,0.36741415695285395
DynamicOptimizedTheta,112,0.31316747852594606
DynamicOptimizedTheta,113,0.2721486286661636
DynamicOptimizedTheta,114,0.2898953947058689
DynamicOptimizedTheta,115,0.29750609114685894
DynamicOptimizedTheta,116,0.29823796632605765
DynamicOptimizedTheta,117,0.3372493284668834
DynamicOptimizedTheta,118,0.3023266989364647
DynamicOptimizedTheta,119,0.3012174915827754
DynamicOptimizedTheta,120,0.3034643621497877
DynamicOptimizedTheta,121,0.28756053345789484
DynamicOptimizedTheta,122,0.323221957027203
DynamicOptimizedTheta,123,0.30008367591887053
DynamicOptimizedTheta,124,0.2995677990037377
DynamicOptimizedTheta,125,0.2901484339826302
DynamicOptimizedTheta,126,0.2857321846458957
DynamicOptimizedTheta,127,0.3155402726009241
DynamicOptimizedTheta,128,0.2879613617361355
DynamicOptimizedTheta,129,0.34602910333113557
DynamicOptimizedTheta,130,0.3128197579788196
DynamicOptimizedTheta,131,0.2778409137071946
DynamicOptimizedTheta,132,0.32899566179330736
DynamicOptimizedTheta,133,0.31336191174222644
DynamicOptimizedTheta,134,0.34457396820056735
DynamicOptimizedTheta,135,0.333051266325512
DynamicOptimizedTheta,136,0.2802327806038126
DynamicOptimizedTheta,137,0.3020416498404247
DynamicOptimizedTheta,138,0.2980879741063996
DynamicOptimizedTheta,139,0.28803447481961647
DynamicOptimizedTheta,140,0.3404040672855585
DynamicOptimizedTheta,141,0.29824087536965854
DynamicOptimizedTheta,142,0.2739080671990569
DynamicOptimizedTheta,143,0.3028457176374773
DynamicOptimizedTheta,144,0.29898458202732286
DynamicOptimizedTheta,145,0.30841158788406275
DynamicOptimizedTheta,146,0.30798151429256665
DynamicOptimizedTheta,147,0.2994812622959929
DynamicOptimizedTheta,148,0.27655040787036145
DynamicOptimizedTheta,149,0.29382381881239744
DynamicOptimizedTheta,150,0.29101265159245976
DynamicOptimizedTheta,151,0.2841715070851453
DynamicOptimizedTheta,152,0.3315074679212713
DynamicOptimizedTheta,153,0.30347743229937224
DynamicOptimizedTheta,154,0.28831381210361967
DynamicOptimizedTheta,155,0.3443427526511265
DynamicOptimizedTheta,156,0.30721504068272926
DynamicOptimizedTheta,157,0.3580928328233621
DynamicOptimizedTheta,158,0.3153926643881433
DynamicOptimizedTheta,159,0.25540014034674463
DynamicOptimizedTheta,160,0.2869948091467998
DynamicOptimizedTheta,161,0.2699987315986445
DynamicOptimizedTheta,162,0.26191291346396417
DynamicOptimizedTheta,163,0.31310694998666233
DynamicOptimizedTheta,164,0.269279008148643
DynamicOptimizedTheta,165,0.27208233640026297
DynamicOptimizedTheta,166,0.2590420741779328
DynamicOptimizedTheta,167,0.2698823710508348
DynamicOptimizedTheta,168,0.2870961328636008
ETS,1,0.24872616620032542
ETS,2,0.27671470106515017
ETS,3,0.2588894735165226
ETS,4,0.2530739878541466
ETS,5,0.25873526381644024
ETS,6,0.2596363733891159
ETS,7,0.2695038985028137
ETS,8,0.267905569561556
ETS,9,0.2779845561427655
ETS,10,0.24490416400637682
ETS,11,0.2567415585654694
ETS,12,0.25910971000199123
ETS,13,0.2499536679088553
ETS,14,0.2989157232873356
ETS,15,0.2941940203925196
ETS,16,0.27162822928316027
ETS,17,0.2741117176481614
ETS,18,0.2859067357684142
ETS,19,0.32234740380824745
ETS,20,0.2876834276481312
ETS,21,0.2415405026901415
ETS,22,0.26203552809701897
ETS,23,0.24974430354684987
ETS,24,0.2746239425882785
ETS,25,0.29913009372074517
ETS,26,0.28185465256370246
ETS,27,0.264881817709538
ETS,28,0.27477942386713217
ETS,29,0.27098461738799673
ETS,30,0.27113080422042807
ETS,31,0.264336795144623
ETS,32,0.25769341622696895
ETS,33,0.24356465502594338
ETS,34,0.2610614266930238
ETS,35,0.2654250780294086
ETS,36,0.25213609646672264
ETS,37,0.29367563812092357
ETS,38,0.3025785215667526
ETS,39,0.2839717534489559
ETS,40,0.2973946728851273
ETS,41,0.29744826737147523
ETS,42,0.3281694434303313
ETS,43,0.2838611141477764
ETS,44,0.23815053961139587
ETS,45,0.2613682189195511
ETS,46,0.25364980809491516
ETS,47,0.2751486394455903
ETS,48,0.2948964479291613
ETS,49,0.2820254202959465
ETS,50,0.2692554342418638
ETS,51,0.27790616645516075
ETS,52,0.27588867226829317
ETS,53,0.2799008889177931
ETS,54,0.27308344002585977
ETS,55,0.2642909924245989
ETS,56,0.26476464559679713
ETS,57,0.27498759963044617
ETS,58,0.26963555749480017
ETS,59,0.25297121974304704
ETS,60,0.2954941747428448
ETS,61,0.31045096671322087
ETS,62,0.28149654081437814
ETS,63,0.2887226474152058
ETS,64,0.2903228147809715
ETS,65,0.3359294071445543
ETS,66,0.2893104805982255
ETS,67,0.24954130283461728
ETS,68,0.2649077688125097
ETS,69,0.2630272207902978
ETS,70,0.28339600601348164
ETS,71,0.29957145077268366
ETS,72,0.2852917526171752
ETS,73,0.2798701128160072
ETS,74,0.279718859674678
ETS,75,0.2811133504311838
ETS,76,0.2903962616430406
ETS,77,0.28664509193476845
ETS,78,0.2669251100675209
ETS,79,0.2659538618735945
ETS,80,0.28634268584125
ETS,81,0.2796414654519435
ETS,82,0.2571179965478518
ETS,83,0.3063565456122317
ETS,84,0.3136492616761524
ETS,85,0.27598671136495434
ETS,86,0.30961768831192193
ETS,87,0.2928155965527459
ETS,88,0.33114051305097547
ETS,89,0.2829292255438116
ETS,90,0.2543010201282033
ETS,91,0.2602848471575296
ETS,92,0.2562466092499705
ETS,93,0.2625576226359285
ETS,94,0.2986978176743533
ETS,95,0.27786382955092526
ETS,96,0.2666474050088434
ETS,97,0.28452770048317766
ETS,98,0.27827049048777963
ETS,99,0.2870973141859423
ETS,100,0.28161089511217513
ETS,101,0.2654014212746349
ETS,102,0.26396348183901586
ETS,103,0.2711162806985081
ETS,104,0.279663457779315
ETS,105,0.2631851603959098
ETS,106,0.3191090823088352
ETS,107,0.29105731446322214
ETS,108,0.26325876640770657
ETS,109,0.30147341219681156
ETS,110,0.2855806899638285
ETS,111,0.3458851690105996
ETS,112,0.29358415875492694
ETS,113,0.24311917797193003
ETS,114,0.27150128958318787
ETS,115,0.2523316977093289
ETS,116,0.2658930936770781
ETS,117,0.29426381881007335
ETS,118,0.2627092421913167
ETS,119,0.260484359158867
ETS,120,0.27590861515636
ETS,121,0.279730521060923
ETS,122,0.2884440653217955
ETS,123,0.2770096099938559
ETS,124,0.26877287329655913
ETS,125,0.2628349659895836
ETS,126,0.2715690818077682
ETS,127,0.27480598142332635
ETS,128,0.26341792535513037
ETS,129,0.31735495040077144
ETS,130,0.2859771230729071
ETS,131,0.2628763717085638
ETS,132,0.30591442739136476
ETS,133,0.2816806438352395
ETS,134,0.32873651016460953
ETS,135,0.3053004064855352
ETS,136,0.24424147900748974
ETS,137,0.27632433476036355
ETS,138,0.25604395583669026
ETS,139,0.26147743013128344
ETS,140,0.29772906078482103
ETS,141,0.25841645790122947
ETS,142,0.2539812322911186
ETS,143,0.26601648987271176
ETS,144,0.27534825332475954
ETS,145,0.2801225782309565
ETS,146,0.27774093169824987
ETS,147,0.2665374694448442
ETS,148,0.25637801754818745
ETS,149,0.2661730656161267
ETS,150,0.27205174413499683
ETS,151,0.25227536185916394
ETS,152,0.3093174671200136
ETS,153,0.2841151104968211
ETS,154,0.26639328322215433
ETS,155,0.29812918703388414
ETS,156,0.2721051480437129
ETS,157,0.32231361795836544
ETS,158,0.2943421056401594
ETS,159,0.23858224307172304
ETS,160,0.26970554837887
ETS,161,0.25611701065845616
ETS,162,0.26290840320189257
ETS,163,0.29124672595598916
ETS,164,0.25366392250891384
ETS,165,0.2504672941625637
ETS,166,0.2578215707747846
ETS,167,0.26843979306321136
ETS,168,0.2785288547974308
NPTS,1,0.24007246376811597
NPTS,2,0.2598913043478261
NPTS,3,0.22336805555555556
NPTS,4,0.21370434782608694
NPTS,5,0.22871304347826085
NPTS,6,0.22897391304347825
NPTS,7,0.220625
NPTS,8,0.21784722222222222
NPTS,9,0.24427083333333333
NPTS,10,0.20190972222222223
NPTS,11,0.22203125
NPTS,12,0.22581597222222222
NPTS,13,0.20973958333333334
NPTS,14,0.25649305555555557
NPTS,15,0.26068840579710145
NPTS,16,0.2142753623188406
NPTS,17,0.24068840579710143
NPTS,18,0.2409601449275362
NPTS,19,0.2853442028985507
NPTS,20,0.25422101449275364
NPTS,21,0.19702359346642467
NPTS,22,0.21513611615245007
NPTS,23,0.21288566243194193
NPTS,24,0.23175724637681158
NPTS,25,0.2628804347826087
NPTS,26,0.22588541666666664
NPTS,27,0.21716521739130434
NPTS,28,0.23803478260869565
NPTS,29,0.23198260869565215
NPTS,30,0.22819444444444445
NPTS,31,0.22399305555555557
NPTS,32,0.22352430555555555
NPTS,33,0.19519097222222223
NPTS,34,0.21177083333333335
NPTS,35,0.22197916666666667
NPTS,36,0.21081597222222223
NPTS,37,0.2575
NPTS,38,0.2608854166666667
NPTS,39,0.2209375
NPTS,40,0.25149305555555557
NPTS,41,0.25359375
NPTS,42,0.2840798611111111
NPTS,43,0.24841739130434784
NPTS,44,0.19620869565217391
NPTS,45,0.20744347826086956
NPTS,46,0.20864347826086957
NPTS,47,0.23690972222222223
NPTS,48,0.26026041666666666
NPTS,49,0.22880208333333332
NPTS,50,0.22071304347826087
NPTS,51,0.2412173913043478
NPTS,52,0.23431304347826085
NPTS,53,0.22159722222222222
NPTS,54,0.22722222222222221
NPTS,55,0.21059027777777778
NPTS,56,0.19828125
NPTS,57,0.22578125000000002
NPTS,58,0.21340277777777777
NPTS,59,0.19895833333333335
NPTS,60,0.25350694444444444
NPTS,61,0.2530034722222222
NPTS,62,0.20894097222222222
NPTS,63,0.24234375
NPTS,64,0.2539409722222222
NPTS,65,0.28897569444444443
NPTS,66,0.23692173913043477
NPTS,67,0.19728695652173914
NPTS,68,0.21410434782608695
NPTS,69,0.2083478260869565
NPTS,70,0.2373784722222222
NPTS,71,0.2649652777777778
NPTS,72,0.22605902777777778
NPTS,73,0.22208695652173913
NPTS,74,0.24109565217391304
NPTS,75,0.2358782608695652
NPTS,76,0.22821180555555554
NPTS,77,0.22942708333333334
NPTS,78,0.2137673611111111
NPTS,79,0.20211805555555556
NPTS,80,0.22953125000000002
NPTS,81,0.22020833333333334
NPTS,82,0.20413194444444444
NPTS,83,0.25078124999999996
NPTS,84,0.25689236111111113
NPTS,85,0.20527777777777778
NPTS,86,0.25946180555555554
NPTS,87,0.25180555555555556
NPTS,88,0.3012152777777778
NPTS,89,0.23878260869565218
NPTS,90,0.19961739130434783
NPTS,91,0.21751304347826086
NPTS,92,0.21076521739130435
NPTS,93,0.22874999999999998
NPTS,94,0.2668229166666667
NPTS,95,0.23149305555555555
NPTS,96,0.21593043478260868
NPTS,97,0.24066086956521737
NPTS,98,0.23570434782608696
NPTS,99,0.22975694444444444
NPTS,100,0.23246527777777778
NPTS,101,0.21208333333333332
NPTS,102,0.2002951388888889
NPTS,103,0.22072916666666667
NPTS,104,0.21989583333333332
NPTS,105,0.20782986111111112
NPTS,106,0.2789236111111111
NPTS,107,0.24074652777777775
NPTS,108,0.20684027777777778
NPTS,109,0.25953125
NPTS,110,0.2504340277777778
NPTS,111,0.3160763888888889
NPTS,112,0.25648695652173914
NPTS,113,0.19968695652173912
NPTS,114,0.22883478260869566
NPTS,115,0.21749565217391303
NPTS,116,0.2294097222222222
NPTS,117,0.26741319444444445
NPTS,118,0.22555555555555554
NPTS,119,0.2202086956521739
NPTS,120,0.2384521739130435
NPTS,121,0.22996521739130432
NPTS,122,0.23255208333333333
NPTS,123,0.23020833333333332
NPTS,124,0.21756944444444443
NPTS,125,0.2013888888888889
NPTS,126,0.22154513888888888
NPTS,127,0.22085069444444444
NPTS,128,0.2090625
NPTS,129,0.2665798611111111
NPTS,130,0.22631944444444446
NPTS,131,0.20223958333333333
NPTS,132,0.2592013888888889
NPTS,133,0.24913194444444445
NPTS,134,0.29451388888888885
NPTS,135,0.25429565217391303
NPTS,136,0.19921739130434782
NPTS,137,0.2394086956521739
NPTS,138,0.21900869565217393
NPTS,139,0.23260416666666664
NPTS,140,0.27428819444444447
NPTS,141,0.22812500000000002
NPTS,142,0.22045217391304348
NPTS,143,0.23749565217391305
NPTS,144,0.22998260869565218
NPTS,145,0.23416666666666666
NPTS,146,0.2278125
NPTS,147,0.2165798611111111
NPTS,148,0.20255208333333333
NPTS,149,0.22086805555555555
NPTS,150,0.22446180555555553
NPTS,151,0.20666666666666667
NPTS,152,0.27171875
NPTS,153,0.22727430555555556
NPTS,154,0.20755208333333333
NPTS,155,0.26765625
NPTS,156,0.24347222222222223
NPTS,157,0.29949652777777774
NPTS,158,0.2632869565217391
NPTS,159,0.21304347826086956
NPTS,160,0.24212173913043478
NPTS,161,0.22375652173913044
NPTS,162,0.22319444444444445
NPTS,163,0.26821180555555557
NPTS,164,0.22975694444444444
NPTS,165,0.21278260869565216
NPTS,166,0.2395304347826087
NPTS,167,0.23311304347826087
NPTS,168,0.24019097222222222
PatchTST,1,0.27438328593093536
PatchTST,2,0.31144161516836283
PatchTST,3,0.2744833003443014
PatchTST,4,0.23995716212851645
PatchTST,5,0.25796569043164824
PatchTST,6,0.25780048162713126
PatchTST,7,0.26811796441271185
PatchTST,8,0.2855699461718464
PatchTST,9,0.31732974193611874
PatchTST,10,0.27364606456569196
PatchTST,11,0.2963358549105615
PatchTST,12,0.30510783721053636
PatchTST,13,0.27786321216335425
PatchTST,14,0.3232000708398302
PatchTST,15,0.3290967446525149
PatchTST,16,0.29905433328433134
PatchTST,17,0.31574600619972176
PatchTST,18,0.3213533502770062
PatchTST,19,0.36433061039650705
PatchTST,20,0.29402639621290694
PatchTST,21,0.2513917374420602
PatchTST,22,0.27380674925979737
PatchTST,23,0.26578776490180256
PatchTST,24,0.2866398924012583
PatchTST,25,0.3233053519749088
PatchTST,26,0.2837547363612191
PatchTST,27,0.2484778690209923
PatchTST,28,0.2601993657686559
PatchTST,29,0.26212329998236894
PatchTST,30,0.27206536742438114
PatchTST,31,0.2885671137403446
PatchTST,32,0.29643513630080776
PatchTST,33,0.2735238989487305
PatchTST,34,0.299097574516276
PatchTST,35,0.3170074120960996
PatchTST,36,0.29008883856135403
PatchTST,37,0.32165499944944986
PatchTST,38,0.3441900097392265
PatchTST,39,0.3085906209434212
PatchTST,40,0.3304291027282911
PatchTST,41,0.3478756478898729
PatchTST,42,0.3689409704467091
PatchTST,43,0.29580396270502624
PatchTST,44,0.25414136235716206
PatchTST,45,0.27320380005339345
PatchTST,46,0.2645125085656975
PatchTST,47,0.28973240900737857
PatchTST,48,0.31591336442292367
PatchTST,49,0.28605675617836845
PatchTST,50,0.2558279895116639
PatchTST,51,0.26442216832333876
PatchTST,52,0.2713311853832278
PatchTST,53,0.27461765517359604
PatchTST,54,0.2942993407057843
PatchTST,55,0.29504919276721153
PatchTST,56,0.27732726672637276
PatchTST,57,0.2959694134485102
PatchTST,58,0.30580591599177265
PatchTST,59,0.2891736576118788
PatchTST,60,0.32612578564818356
PatchTST,61,0.34433305364332994
PatchTST,62,0.3001900760384697
PatchTST,63,0.3216106153013701
PatchTST,64,0.3424129920298545
PatchTST,65,0.37376780848455354
PatchTST,66,0.2836485658770826
PatchTST,67,0.25645952157342033
PatchTST,68,0.2782093627740925
PatchTST,69,0.26671167217155023
PatchTST,70,0.2888540276244853
PatchTST,71,0.3211190995649166
PatchTST,72,0.28130128786058894
PatchTST,73,0.2522379817049118
PatchTST,74,0.26266246260625703
PatchTST,75,0.26402292503895536
PatchTST,76,0.2686089595006616
PatchTST,77,0.2913632674176078
PatchTST,78,0.2847094592012246
PatchTST,79,0.2725174710566412
PatchTST,80,0.2920364868781559
PatchTST,81,0.2917513398324164
PatchTST,82,0.2836109560900898
PatchTST,83,0.3153599504430751
PatchTST,84,0.338203639341348
PatchTST,85,0.2859106685713225
PatchTST,86,0.3320927594767312
PatchTST,87,0.3360553478170457
PatchTST,88,0.37065573297798665
PatchTST,89,0.27221342090150996
PatchTST,90,0.25018370148597646
PatchTST,91,0.2742323965629455
PatchTST,92,0.2718955322044121
PatchTST,93,0.27913050896092995
PatchTST,94,0.31864840115819315
PatchTST,95,0.2766139131670396
PatchTST,96,0.24917510303910279
PatchTST,97,0.26145031808988656
PatchTST,98,0.2671805348896745
PatchTST,99,0.2681245823946739
PatchTST,100,0.28832534920787567
PatchTST,101,0.281666477512179
PatchTST,102,0.2654766933834204
PatchTST,103,0.2743422646925627
PatchTST,104,0.2866249818574943
PatchTST,105,0.28699089750372847
PatchTST,106,0.32346705937982534
PatchTST,107,0.3132508447460853
PatchTST,108,0.28604546427143623
PatchTST,109,0.3380148803261683
PatchTST,110,0.3427676610643983
PatchTST,111,0.38750251101348454
PatchTST,112,0.2912754320199185
PatchTST,113,0.2533675423367293
PatchTST,114,0.28634542404686664
PatchTST,115,0.2776924910682691
PatchTST,116,0.2929359051837869
PatchTST,117,0.3260930652050508
PatchTST,118,0.2755114636073711
PatchTST,119,0.24899761961457018
PatchTST,120,0.2589797746941951
PatchTST,121,0.26961474681887737
PatchTST,122,0.2640350752336287
PatchTST,123,0.2866895828881919
PatchTST,124,0.2807589004031469
PatchTST,125,0.2621275961272087
PatchTST,126,0.27104866406420247
PatchTST,127,0.2829574597644205
PatchTST,128,0.2903678753790754
PatchTST,129,0.343701411297355
PatchTST,130,0.32452968323052866
PatchTST,131,0.30727406700506305
PatchTST,132,0.3556005142446779
PatchTST,133,0.35618448618638615
PatchTST,134,0.3835264570382919
PatchTST,135,0.3111150140394292
PatchTST,136,0.2668776369808519
PatchTST,137,0.30299413605608505
PatchTST,138,0.27818635604142206
PatchTST,139,0.2955995074196401
PatchTST,140,0.3385978950988694
PatchTST,141,0.280852758475118
PatchTST,142,0.24730560384194747
PatchTST,143,0.2606030148398287
PatchTST,144,0.2665141276773307
PatchTST,145,0.26342364754558384
PatchTST,146,0.2861352585049333
PatchTST,147,0.27845165675390526
PatchTST,148,0.2588851049414566
PatchTST,149,0.2648181433001513
PatchTST,150,0.27965742859755377
PatchTST,151,0.28240849319700345
PatchTST,152,0.3339070942416906
PatchTST,153,0.3146415584013226
PatchTST,154,0.29986606069845956
PatchTST,155,0.35217633827884803
PatchTST,156,0.3462460133817208
PatchTST,157,0.3729512411984029
PatchTST,158,0.3011355599209137
PatchTST,159,0.27100818150538
PatchTST,160,0.30307405311842195
PatchTST,161,0.28283718403763436
PatchTST,162,0.2875153709860727
PatchTST,163,0.3365646633631124
PatchTST,164,0.2872510572666524
PatchTST,165,0.25127685100729447
PatchTST,166,0.259242304848742
PatchTST,167,0.26486614133143677
PatchTST,168,0.27218637185029976
PatchTST-Tuned,1,0.2657271676331103
PatchTST-Tuned,2,0.3055799759697959
PatchTST-Tuned,3,0.2619915641596249
PatchTST-Tuned,4,0.23290071340259919
PatchTST-Tuned,5,0.24519224492258884
PatchTST-Tuned,6,0.2373663498176169
PatchTST-Tuned,7,0.23654003371216353
PatchTST-Tuned,8,0.2574432368711757
PatchTST-Tuned,9,0.2869673174402628
PatchTST-Tuned,10,0.25170372821473413
PatchTST-Tuned,11,0.2730138828647156
PatchTST-Tuned,12,0.2823074689408316
PatchTST-Tuned,13,0.25165640444490217
PatchTST-Tuned,14,0.29152382184068026
PatchTST-Tuned,15,0.3088921370246011
PatchTST-Tuned,16,0.2738791847092802
PatchTST-Tuned,17,0.299130291513528
PatchTST-Tuned,18,0.3008014675027992
PatchTST-Tuned,19,0.3428890929865846
PatchTST-Tuned,20,0.2769133902287542
PatchTST-Tuned,21,0.2319350399931073
PatchTST-Tuned,22,0.2514702566904703
PatchTST-Tuned,23,0.23970625917559937
PatchTST-Tuned,24,0.2675933033556508
PatchTST-Tuned,25,0.306919084753137
PatchTST-Tuned,26,0.26773127776694156
PatchTST-Tuned,27,0.23826581583928105
PatchTST-Tuned,28,0.25238366031080056
PatchTST-Tuned,29,0.242130155409803
PatchTST-Tuned,30,0.24060107975483744
PatchTST-Tuned,31,0.26061470806699205
PatchTST-Tuned,32,0.2612000585640694
PatchTST-Tuned,33,0.24132318795482663
PatchTST-Tuned,34,0.2642233241632931
PatchTST-Tuned,35,0.27927494720245133
PatchTST-Tuned,36,0.2563865839508267
PatchTST-Tuned,37,0.29098929860615125
PatchTST-Tuned,38,0.31813164468030103
PatchTST-Tuned,39,0.2810287764677901
PatchTST-Tuned,40,0.3036069228376114
PatchTST-Tuned,41,0.31987562885295573
PatchTST-Tuned,42,0.34191623777318253
PatchTST-Tuned,43,0.27296699410466907
PatchTST-Tuned,44,0.2292800033370785
PatchTST-Tuned,45,0.24880969351503193
PatchTST-Tuned,46,0.2425350227086851
PatchTST-Tuned,47,0.26944720462343663
PatchTST-Tuned,48,0.29951432270026995
PatchTST-Tuned,49,0.2707540134532959
PatchTST-Tuned,50,0.24280074069568597
PatchTST-Tuned,51,0.25731529030474826
PatchTST-Tuned,52,0.24875637807880022
PatchTST-Tuned,53,0.24685321276633415
PatchTST-Tuned,54,0.26597072370881975
PatchTST-Tuned,55,0.253248922604353
PatchTST-Tuned,56,0.23852206244963878
PatchTST-Tuned,57,0.25314504775055285
PatchTST-Tuned,58,0.2615967727028645
PatchTST-Tuned,59,0.2508389186684143
PatchTST-Tuned,60,0.28965520452572907
PatchTST-Tuned,61,0.3166867611472807
PatchTST-Tuned,62,0.27791486943033694
PatchTST-Tuned,63,0.2939520277094505
PatchTST-Tuned,64,0.3056104553739942
PatchTST-Tuned,65,0.3436511178119845
PatchTST-Tuned,66,0.25912004375797143
PatchTST-Tuned,67,0.23233685935598694
PatchTST-Tuned,68,0.25374308706556015
PatchTST-Tuned,69,0.24506869063352532
PatchTST-Tuned,70,0.2700094434048893
PatchTST-Tuned,71,0.30030962107765286
PatchTST-Tuned,72,0.26591374231241427
PatchTST-Tuned,73,0.23849471935049363
PatchTST-Tuned,74,0.2553981894082438
PatchTST-Tuned,75,0.24876350099185204
PatchTST-Tuned,76,0.24855932302674402
PatchTST-Tuned,77,0.26896167733113124
PatchTST-Tuned,78,0.2557791594743939
PatchTST-Tuned,79,0.2379885190268071
PatchTST-Tuned,80,0.2488535422638065
PatchTST-Tuned,81,0.2528819504246814
PatchTST-Tuned,82,0.24427838627232118
PatchTST-Tuned,83,0.28136096113158193
PatchTST-Tuned,84,0.31313655335251
PatchTST-Tuned,85,0.26417445835479964
PatchTST-Tuned,86,0.30676793884820563
PatchTST-Tuned,87,0.30241454372266324
PatchTST-Tuned,88,0.3421838046781247
PatchTST-Tuned,89,0.2483143628713504
PatchTST-Tuned,90,0.23179745132576776
PatchTST-Tuned,91,0.25618854615302067
PatchTST-Tuned,92,0.24901321192293194
PatchTST-Tuned,93,0.2638563936762893
PatchTST-Tuned,94,0.3025231567280097
PatchTST-Tuned,95,0.26599262779682886
PatchTST-Tuned,96,0.2378561102675277
PatchTST-Tuned,97,0.25594296356653246
PatchTST-Tuned,98,0.2502969688215547
PatchTST-Tuned,99,0.24920683592633733
PatchTST-Tuned,100,0.2709070165722339
PatchTST-Tuned,101,0.2586372894277816
PatchTST-Tuned,102,0.23894112616197022
PatchTST-Tuned,103,0.23802697537899695
PatchTST-Tuned,104,0.24863376061579012
PatchTST-Tuned,105,0.24600712414320838
PatchTST-Tuned,106,0.2897925298441731
PatchTST-Tuned,107,0.2866454471732477
PatchTST-Tuned,108,0.26281981764885914
PatchTST-Tuned,109,0.3131475911066351
PatchTST-Tuned,110,0.3099927644861251
PatchTST-Tuned,111,0.3554717162343361
PatchTST-Tuned,112,0.2626063664496304
PatchTST-Tuned,113,0.22817256725942506
PatchTST-Tuned,114,0.2612395327936121
PatchTST-Tuned,115,0.25274199576408407
PatchTST-Tuned,116,0.2687243563416051
PatchTST-Tuned,117,0.3080705089037405
PatchTST-Tuned,118,0.2651232854814885
PatchTST-Tuned,119,0.23451877206722
PatchTST-Tuned,120,0.2495375155960066
PatchTST-Tuned,121,0.24983164820877649
PatchTST-Tuned,122,0.24787646097172603
PatchTST-Tuned,123,0.2718141938276991
PatchTST-Tuned,124,0.2577668471341296
PatchTST-Tuned,125,0.23941421577379499
PatchTST-Tuned,126,0.24224778083460366
PatchTST-Tuned,127,0.24839744248582699
PatchTST-Tuned,128,0.2481025322208476
PatchTST-Tuned,129,0.3024152092692028
PatchTST-Tuned,130,0.28608547451464955
PatchTST-Tuned,131,0.27694619315989594
PatchTST-Tuned,132,0.32091042839130984
PatchTST-Tuned,133,0.3142948762640844
PatchTST-Tuned,134,0.3442966241482181
PatchTST-Tuned,135,0.27659180109146947
PatchTST-Tuned,136,0.2364281543544133
PatchTST-Tuned,137,0.2768291336595797
PatchTST-Tuned,138,0.2512851364034241
PatchTST-Tuned,139,0.2729186813881965
PatchTST-Tuned,140,0.3192629921005422
PatchTST-Tuned,141,0.26732691301249756
PatchTST-Tuned,142,0.2354159584353302
PatchTST-Tuned,143,0.24935571044659235
PatchTST-Tuned,144,0.24546518241643156
PatchTST-Tuned,145,0.24717693061838616
PatchTST-Tuned,146,0.27420846730172077
PatchTST-Tuned,147,0.260215831960419
PatchTST-Tuned,148,0.2407496369994561
PatchTST-Tuned,149,0.24171630652114354
PatchTST-Tuned,150,0.25218880050445214
PatchTST-Tuned,151,0.24360460067126302
PatchTST-Tuned,152,0.298118354123953
PatchTST-Tuned,153,0.27683572270627177
PatchTST-Tuned,154,0.27018778939660676
PatchTST-Tuned,155,0.3199891442245264
PatchTST-Tuned,156,0.30821851669899625
PatchTST-Tuned,157,0.34098050379630124
PatchTST-Tuned,158,0.272763394666712
PatchTST-Tuned,159,0.24042416217984836
PatchTST-Tuned,160,0.27167983751416525
PatchTST-Tuned,161,0.2538718598918562
PatchTST-Tuned,162,0.2625211195511633
PatchTST-Tuned,163,0.31394841399297174
PatchTST-Tuned,164,0.26923222765410837
PatchTST-Tuned,165,0.2336722993433054
PatchTST-Tuned,166,0.24930476022880596
PatchTST-Tuned,167,0.2458628306006317
PatchTST-Tuned,168,0.24951418873035214
SeasonalNaive,1,0.31018115942028984
SeasonalNaive,2,0.3630434782608696
SeasonalNaive,3,0.3496527777777778
SeasonalNaive,4,0.29719999999999996
SeasonalNaive,5,0.2549739130434783
SeasonalNaive,6,0.28359999999999996
SeasonalNaive,7,0.29223958333333333
SeasonalNaive,8,0.2969097222222222
SeasonalNaive,9,0.3149826388888889
SeasonalNaive,10,0.3052604166666667
SeasonalNaive,11,0.2892361111111111
SeasonalNaive,12,0.29411458333333335
SeasonalNaive,13,0.305
SeasonalNaive,14,0.30546874999999996
SeasonalNaive,15,0.3344021739130435
SeasonalNaive,16,0.352518115942029
SeasonalNaive,17,0.31384057971014495
SeasonalNaive,18,0.3550905797101449
SeasonalNaive,19,0.38255434782608694
SeasonalNaive,20,0.4233876811594203
SeasonalNaive,21,0.32584392014519054
SeasonalNaive,22,0.30330308529945554
SeasonalNaive,23,0.2763339382940109
SeasonalNaive,24,0.30543478260869567
SeasonalNaive,25,0.3060688405797101
SeasonalNaive,26,0.33421875
SeasonalNaive,27,0.3262434782608696
SeasonalNaive,28,0.3129391304347826
SeasonalNaive,29,0.2952521739130435
SeasonalNaive,30,0.31722222222222224
SeasonalNaive,31,0.3038194444444444
SeasonalNaive,32,0.3024131944444444
SeasonalNaive,33,0.2716840277777778
SeasonalNaive,34,0.3113194444444444
SeasonalNaive,35,0.3057465277777778
SeasonalNaive,36,0.2784201388888889
SeasonalNaive,37,0.320625
SeasonalNaive,38,0.31585069444444447
SeasonalNaive,39,0.34404513888888894
SeasonalNaive,40,0.35303819444444445
SeasonalNaive,41,0.3634201388888889
SeasonalNaive,42,0.39989583333333334
SeasonalNaive,43,0.36993043478260873
SeasonalNaive,44,0.35339130434782606
SeasonalNaive,45,0.32683478260869564
SeasonalNaive,46,0.28843478260869565
SeasonalNaive,47,0.32960069444444445
SeasonalNaive,48,0.29993055555555553
SeasonalNaive,49,0.34015625
SeasonalNaive,50,0.3482608695652174
SeasonalNaive,51,0.3726260869565217
SeasonalNaive,52,0.28897391304347825
SeasonalNaive,53,0.29868055555555556
SeasonalNaive,54,0.31946180555555553
SeasonalNaive,55,0.3052951388888889
SeasonalNaive,56,0.3002777777777778
SeasonalNaive,57,0.3344097222222222
SeasonalNaive,58,0.33947916666666667
SeasonalNaive,59,0.30421875
SeasonalNaive,60,0.3097569444444444
SeasonalNaive,61,0.3172395833333333
SeasonalNaive,62,0.29125
SeasonalNaive,63,0.31053819444444447
SeasonalNaive,64,0.36796875
SeasonalNaive,65,0.3979340277777778
SeasonalNaive,66,0.3602782608695652
SeasonalNaive,67,0.34078260869565213
SeasonalNaive,68,0.3884173913043478
SeasonalNaive,69,0.3263304347826087
SeasonalNaive,70,0.33114583333333336
SeasonalNaive,71,0.3871354166666667
SeasonalNaive,72,0.3391840277777778
SeasonalNaive,73,0.3061913043478261
SeasonalNaive,74,0.3264869565217391
SeasonalNaive,75,0.37878260869565217
SeasonalNaive,76,0.3324652777777778
SeasonalNaive,77,0.32743055555555556
SeasonalNaive,78,0.32664930555555555
SeasonalNaive,79,0.30493055555555554
SeasonalNaive,80,0.3211805555555556
SeasonalNaive,81,0.31048611111111113
SeasonalNaive,82,0.32253472222222224
SeasonalNaive,83,0.35534722222222226
SeasonalNaive,84,0.33182291666666663
SeasonalNaive,85,0.31602430555555555
SeasonalNaive,86,0.32559027777777777
SeasonalNaive,87,0.38006944444444446
SeasonalNaive,88,0.39663194444444444
SeasonalNaive,89,0.3369913043478261
SeasonalNaive,90,0.31730434782608696
SeasonalNaive,91,0.3474434782608696
SeasonalNaive,92,0.3730608695652174
SeasonalNaive,93,0.34293402777777776
SeasonalNaive,94,0.3606076388888889
SeasonalNaive,95,0.3415104166666667
SeasonalNaive,96,0.30551304347826086
SeasonalNaive,97,0.31857391304347826
SeasonalNaive,98,0.32182608695652176
SeasonalNaive,99,0.3665625
SeasonalNaive,100,0.30541666666666667
SeasonalNaive,101,0.28444444444444444
SeasonalNaive,102,0.30390625000000004
SeasonalNaive,103,0.31736111111111115
SeasonalNaive,104,0.2970659722222222
SeasonalNaive,105,0.31439236111111113
SeasonalNaive,106,0.38131944444444443
SeasonalNaive,107,0.3163020833333333
SeasonalNaive,108,0.28925347222222225
SeasonalNaive,109,0.3574479166666667
SeasonalNaive,110,0.35532986111111114
SeasonalNaive,111,0.41125
SeasonalNaive,112,0.3802956521739131
SeasonalNaive,113,0.31867826086956524
SeasonalNaive,114,0.3414260869565217
SeasonalNaive,115,0.3296
SeasonalNaive,116,0.39394097222222224
SeasonalNaive,117,0.3683854166666667
SeasonalNaive,118,0.3146701388888889
SeasonalNaive,119,0.31563478260869565
SeasonalNaive,120,0.3176521739130435
SeasonalNaive,121,0.3199826086956522
SeasonalNaive,122,0.35826388888888894
SeasonalNaive,123,0.3590451388888889
SeasonalNaive,124,0.29967013888888894
SeasonalNaive,125,0.27538194444444447
SeasonalNaive,126,0.3101736111111111
SeasonalNaive,127,0.3151388888888889
SeasonalNaive,128,0.3140277777777778
SeasonalNaive,129,0.34791666666666665
SeasonalNaive,130,0.36258680555555556
SeasonalNaive,131,0.3136979166666667
SeasonalNaive,132,0.31984375
SeasonalNaive,133,0.3249652777777778
SeasonalNaive,134,0.4122222222222222
SeasonalNaive,135,0.3700695652173913
SeasonalNaive,136,0.32921739130434785
SeasonalNaive,137,0.3243652173913043
SeasonalNaive,138,0.33587826086956524
SeasonalNaive,139,0.3245659722222222
SeasonalNaive,140,0.4134027777777778
SeasonalNaive,141,0.35418402777777774
SeasonalNaive,142,0.30511304347826085
SeasonalNaive,143,0.34389565217391305
SeasonalNaive,144,0.3223478260869565
SeasonalNaive,145,0.29666666666666663
SeasonalNaive,146,0.30571180555555555
SeasonalNaive,147,0.34814236111111113
SeasonalNaive,148,0.2699652777777778
SeasonalNaive,149,0.26430555555555557
SeasonalNaive,150,0.2845486111111111
SeasonalNaive,151,0.26578125
SeasonalNaive,152,0.34335069444444444
SeasonalNaive,153,0.33421875
SeasonalNaive,154,0.30505208333333333
SeasonalNaive,155,0.3434027777777778
SeasonalNaive,156,0.3296180555555555
SeasonalNaive,157,0.30597222222222226
SeasonalNaive,158,0.3391826086956522
SeasonalNaive,159,0.3184521739130435
SeasonalNaive,160,0.3476
SeasonalNaive,161,0.3046434782608695
SeasonalNaive,162,0.3190451388888889
SeasonalNaive,163,0.33480902777777777
SeasonalNaive,164,0.35392361111111115
SeasonalNaive,165,0.30396521739130433
SeasonalNaive,166,0.26429565217391304
SeasonalNaive,167,0.2982086956521739
SeasonalNaive,168,0.30477430555555557
Theta,1,0.24198401852883747
Theta,2,0.2749916183508992
Theta,3,0.2558575298840873
Theta,4,0.24567475915989664
Theta,5,0.2630709269020434
Theta,6,0.2745514370407298
Theta,7,0.2874372830136626
Theta,8,0.27686027626710924
Theta,9,0.30608757920501345
Theta,10,0.2547248623693353
Theta,11,0.27369763828797944
Theta,12,0.2666413605264061
Theta,13,0.2641819149103931
Theta,14,0.3134868533542337
Theta,15,0.31901760652336475
Theta,16,0.2846701771869126
Theta,17,0.289944718076069
Theta,18,0.2801198313869943
Theta,19,0.3370948123667201
Theta,20,0.30571130845202377
Theta,21,0.26882434917715997
Theta,22,0.2785483967692613
Theta,23,0.2647757864489124
Theta,24,0.2880288563595093
Theta,25,0.34703114134168195
Theta,26,0.28569587269043084
Theta,27,0.2726998942933784
Theta,28,0.28086170521319925
Theta,29,0.29548749004826974
Theta,30,0.28060784548464984
Theta,31,0.28244931021037184
Theta,32,0.27419881471735974
Theta,33,0.2556707481834955
Theta,34,0.27885771895723727
Theta,35,0.28667387477182044
Theta,36,0.2701351609228752
Theta,37,0.3192903988490332
Theta,38,0.32294348054289135
Theta,39,0.3116643942931212
Theta,40,0.3288695052756398
Theta,41,0.3258123523094876
Theta,42,0.33370575139303826
Theta,43,0.30427516859821707
Theta,44,0.2501164613845547
Theta,45,0.28029041067215177
Theta,46,0.2715441848055117
Theta,47,0.296549514112879
Theta,48,0.3211333301139373
Theta,49,0.29160781375719635
Theta,50,0.28613666197949683
Theta,51,0.2973098682946323
Theta,52,0.2682898992764124
Theta,53,0.29002938360913255
Theta,54,0.30118206361448496
Theta,55,0.28163979937293504
Theta,56,0.2656826892731371
Theta,57,0.27559792450743115
Theta,58,0.2803425725092651
Theta,59,0.2753323030024349
Theta,60,0.31136494912391094
Theta,61,0.31225213073770636
Theta,62,0.2873041424165655
Theta,63,0.30360852451568626
Theta,64,0.31017407689674614
Theta,65,0.3632017380061962
Theta,66,0.3092293545091057
Theta,67,0.29357785372925166
Theta,68,0.29040367803514294
Theta,69,0.29336301288765515
Theta,70,0.3150272002026259
Theta,71,0.33805888721030536
Theta,72,0.3129704034740572
Theta,73,0.2962105415570674
Theta,74,0.29417344892678565
Theta,75,0.3017289509413828
Theta,76,0.2952516760130744
Theta,77,0.2935671008937217
Theta,78,0.2883643903499652
Theta,79,0.28400133990665793
Theta,80,0.3033207573193262
Theta,81,0.3153609802160686
Theta,82,0.28333183040214943
Theta,83,0.3289358973475991
Theta,84,0.3606690540941857
Theta,85,0.31586502870984035
Theta,86,0.34663345613796454
Theta,87,0.3371840594957163
Theta,88,0.3652492618708776
Theta,89,0.30334518115830467
Theta,90,0.2825803317958748
Theta,91,0.28758989517792233
Theta,92,0.2911257374794358
Theta,93,0.28552374264717006
Theta,94,0.3300029709475875
Theta,95,0.3154402856211315
Theta,96,0.2883362115531063
Theta,97,0.30902030451247653
Theta,98,0.29831340109109555
Theta,99,0.30854059838143727
Theta,100,0.3083350928312894
Theta,101,0.2916915250929233
Theta,102,0.2789861324786283
Theta,103,0.2899785324403669
Theta,104,0.33233605863210525
Theta,105,0.299580473350851
Theta,106,0.34478302611322664
Theta,107,0.3220575859913024
Theta,108,0.2889628581985023
Theta,109,0.33763147738815585
Theta,110,0.30811544084693376
Theta,111,0.366857183478247
Theta,112,0.31256383113626834
Theta,113,0.27226537924296657
Theta,114,0.2892250643123756
Theta,115,0.2971721648065454
Theta,116,0.29617334089936315
Theta,117,0.33655248776783714
Theta,118,0.3018054443573191
Theta,119,0.30190331099080736
Theta,120,0.3041184810034919
Theta,121,0.28691473097253595
Theta,122,0.3229478370345877
Theta,123,0.29938116986670626
Theta,124,0.3010040950026425
Theta,125,0.2911526114262871
Theta,126,0.2855433238171884
Theta,127,0.3161797132837133
Theta,128,0.2874691550083382
Theta,129,0.34578310560223424
Theta,130,0.3135564370135159
Theta,131,0.27826865056273886
Theta,132,0.33022673083589443
Theta,133,0.3138807298107285
Theta,134,0.34458096718616316
Theta,135,0.3344724213360502
Theta,136,0.2806875284696904
Theta,137,0.3009524221427821
Theta,138,0.29811522710650507
Theta,139,0.28788005184406296
Theta,140,0.34030480245990913
Theta,141,0.29868235715452696
Theta,142,0.2734116236165929
Theta,143,0.3016109038969276
Theta,144,0.29661441221214696
Theta,145,0.3085142785238932
Theta,146,0.3064283738873512
Theta,147,0.299268808576983
Theta,148,0.2762337432004217
Theta,149,0.29340579753625484
Theta,150,0.29077571591808865
Theta,151,0.2845822598430594
Theta,152,0.33102592641138817
Theta,153,0.3036006308148393
Theta,154,0.28835843584238907
Theta,155,0.344681844666856
Theta,156,0.30782201988935937
Theta,157,0.3560097908884628
Theta,158,0.3146499336835887
Theta,159,0.2551305876603954
Theta,160,0.28654092628502614
Theta,161,0.2699188167436301
Theta,162,0.26103015937452334
Theta,163,0.31274413181075117
Theta,164,0.26927219070348435
Theta,165,0.27052609403604877
Theta,166,0.2617102492577217
Theta,167,0.27180359215150646
Theta,168,0.28694683635213314
