model,family,horizon,horizon_label,n_tanks,rows,macro_mae,macro_rmse,macro_mase,macro_rmsse,vw_mae,vw_rmse,coverage,width,neg_p10_pct,volume_bias_pct,rank_mase
Chronos2-COV-XL,foundation,6,6 h,24,3405,0.19727069834272906,0.3971685591557699,0.6001956012389388,0.4909016001162927,0.39133292019959504,0.7213228979182926,0.7403817914831131,0.5781174956403622,0.0,-10.038180722417128,1
Chronos2-ZS,foundation,6,6 h,24,3405,0.19741258850553622,0.3975839384598419,0.6017334793050494,0.490958563148663,0.39107373455541306,0.7225336915286316,0.720704845814978,0.5602388474512034,0.0,-9.29021772332073,2
Chronos2-COV,foundation,6,6 h,24,3405,0.1972596265435308,0.39656172256145394,0.6017861210987464,0.4908937489682306,0.39151721672489775,0.7193813963913492,0.7368575624082232,0.5655274271714418,0.0,-9.715140813832404,3
Chronos2-COV-LEAN,foundation,6,6 h,24,3405,0.19706561700304012,0.3974684551190866,0.6026672568188272,0.491704079776834,0.3908018153814235,0.7212520457646079,0.7033773861967695,0.5491996320963631,0.0,-9.826580562089756,4
NPTS,statistical,6,6 h,24,3405,0.23055244536764952,0.44198181427677846,0.6871318637389879,0.5493968435816757,0.4489204026187261,0.7865254349670974,0.8499265785609398,0.6755447870778267,0.0,-4.216668361639372,5
PatchTST-Tuned,trained deep,6,6 h,24,3405,0.23645542794465454,0.44485387741338095,0.7184777373725147,0.571503025130459,0.46451303817005196,0.8110714398810001,0.7844346549192364,0.6012368839226512,57.47430249632893,-22.037476925954135,6
PatchTST,trained deep,6,6 h,24,3405,0.25577967999686296,0.46385980768471713,0.7736143669747865,0.5979847327007524,0.49959813347384785,0.8398820376447836,0.7647577092511013,0.7151817212857372,68.45814977973568,-25.531388944242245,7
DynamicOptimizedTheta,statistical,6,6 h,24,3405,0.25964780312785846,0.4291681710877791,0.8963437616990797,0.5520770556596691,0.49058489289798674,0.7719300831205703,0.9215859030837005,1.4489208693082838,76.0352422907489,1.7433888723771191,8
Theta,statistical,6,6 h,24,3405,0.2595229362375338,0.4287142752896702,0.8964590767976413,0.5515140712028898,0.4902906996655773,0.7710971013369424,0.9209985315712188,1.447199457125063,75.80029368575623,1.6590249468098548,9
ETS,statistical,6,6 h,24,3405,0.2593861126526932,0.418392336112571,0.9096351684499516,0.5390332458076028,0.49501963706174373,0.7553179886198014,0.9145374449339208,1.222358382064391,70.39647577092512,5.987640570715061,10
SeasonalNaive,reference,6,6 h,24,3405,0.30951265747965007,0.5649063723280547,0.9806156959640969,0.7174482754916068,0.6036064605912418,1.021678774310371,0.9030837004405287,1.6808141868177426,80.23494860499267,2.054942540425109,11
Chronos2-COV-XL,foundation,12,12 h,24,6861,0.2016957520399545,0.4174615178994155,0.6280869562504847,0.5250236692438467,0.4020393632570721,0.7543111307731044,0.739833843463052,0.6149031800961696,0.0,-10.641399633264886,1
Chronos2-COV,foundation,12,12 h,24,6861,0.2017573189909907,0.41664793665838534,0.6292342010187465,0.5246484040350939,0.4027913451481843,0.7522153129116039,0.7335665354904533,0.604037758941138,0.0,-10.533581216961005,2
Chronos2-ZS,foundation,12,12 h,24,6861,0.20290535126803044,0.42069610181860506,0.6294158881434958,0.5271360980123537,0.4049919670560594,0.7606116990753092,0.7137443521352572,0.583258151619768,0.0,-9.41456190430922,3
Chronos2-COV-LEAN,foundation,12,12 h,24,6861,0.20161763341528113,0.41760405538871836,0.6303708318491422,0.5257354436002079,0.40138274283232533,0.7531702102405046,0.7058737793324589,0.5886264501007369,0.0,-10.584667904355468,4
NPTS,statistical,12,12 h,24,6861,0.22552924769576713,0.4518694063576434,0.6923200085048317,0.5687552682409073,0.4412163039235655,0.8046795638912713,0.8456493222562309,0.6774027109750765,0.0,-5.9829006470784725,5
PatchTST-Tuned,trained deep,12,12 h,24,6861,0.24523038707190314,0.4639381153896716,0.7609492942035896,0.5981493442422944,0.4785205654117678,0.8326788997904089,0.805421950153039,0.6889533265051274,57.455181460428506,-19.949963648646847,6
PatchTST,trained deep,12,12 h,24,6861,0.2685543895835633,0.4868136944993296,0.8244698187714089,0.6274016367965997,0.5237678042477921,0.8781978388416558,0.8239323713744352,0.8585978261738054,71.27240926978574,-22.747094026597352,7
Theta,statistical,12,12 h,24,6861,0.2686451084448282,0.45014760690327504,0.9451032386919539,0.5852296516415165,0.5056250708493202,0.8055889651381567,0.929893601515814,1.529003677374354,78.28304911820435,1.9430622336826053,8
DynamicOptimizedTheta,statistical,12,12 h,24,6861,0.26914430996798483,0.4507323364906954,0.945945236683461,0.5860289539948076,0.5065891563687192,0.8066204794169819,0.9307681096050139,1.5329946896203823,78.67657775834427,1.9692527300085154,9
ETS,statistical,12,12 h,24,6861,0.2610813982178584,0.4355895841395983,0.947972130690451,0.5697971357512096,0.4924122077186094,0.7813859576376974,0.9134236991692173,1.2372920745703673,71.41816061798572,4.566452501915035,10
SeasonalNaive,reference,12,12 h,24,6861,0.3041428984737289,0.5778667230853216,0.9665543676105562,0.739898243371349,0.5936227067332187,1.0363129035252376,0.9017635913132196,1.6810247245224996,80.06121556624399,-0.5465674875063667,11
Chronos2-COV-XL,foundation,24,1 d,24,13530,0.21043499538973734,0.46196939453960323,0.6550124166937342,0.5668097554659751,0.4244035318112416,0.8398207731283593,0.7572062084257206,0.6358840819305596,0.0,-13.8843548810411,1
Chronos2-ZS,foundation,24,1 d,24,13530,0.2115649801623051,0.4639510452621014,0.6552219084375984,0.566985865273001,0.4272729562101331,0.8423534986704653,0.7220990391722099,0.5991996847934664,0.0,-12.15414255927196,2
Chronos2-COV,foundation,24,1 d,24,13530,0.21051203797565962,0.4624273027355155,0.6557967354557676,0.5671145194327587,0.42489554401094193,0.840206019214844,0.7490761271249076,0.6276227169422384,0.0,-13.753972988084438,3
Chronos2-COV-LEAN,foundation,24,1 d,24,13530,0.2102493425142098,0.46308523226886966,0.6562459433163864,0.5676872100584411,0.4235065404225561,0.8408525916406603,0.7178861788617886,0.6152706206436377,0.0,-13.55292436152486,4
NPTS,statistical,24,1 d,24,13530,0.2302701293283271,0.49208245175423987,0.7097936683262254,0.6063940238364106,0.4590948660301039,0.8869006946672288,0.8422764227642277,0.6797413155949741,0.0,-9.866596984949037,5
PatchTST-Tuned,trained deep,24,1 d,24,13530,0.26018735461554454,0.5133585814728484,0.8018708616635909,0.6492660296328642,0.5161511916334944,0.9283720707894437,0.8354767184035476,0.8061699971439197,65.9349593495935,-22.295185300209887,6
PatchTST,trained deep,24,1 d,24,13530,0.2811926799007713,0.5318515422340285,0.8532784313773858,0.6672692050210675,0.5596091396308162,0.9684675622231175,0.8082039911308204,0.8059076750810528,62.37250554323725,-19.60985474466982,7
Theta,statistical,24,1 d,24,13530,0.27979371031768524,0.4988871674878245,0.9560960341634974,0.6291696204165836,0.5350086848893109,0.9006315023406809,0.9395417590539542,1.6837441617372,81.84035476718404,-4.669491315495942,8
DynamicOptimizedTheta,statistical,24,1 d,24,13530,0.28057363636925786,0.4998919593822259,0.9575116352993063,0.6303779048892496,0.5366199111743855,0.9026545116828077,0.9403547671840354,1.6916630709856673,82.32815964523282,-4.728409629519134,9
ETS,statistical,24,1 d,24,13530,0.26850509981371856,0.48085095048136267,0.9610624337135988,0.6071715072191711,0.5122846655770497,0.8714330101514131,0.9123429416112343,1.2617081842758884,71.64079822616408,0.7458085784950776,10
SeasonalNaive,reference,24,1 d,24,13530,0.31779934040024777,0.6455508965411411,1.0319684766451995,0.8020138838446383,0.6309079948090972,1.1738382721623117,0.9002217294900222,1.709418582598911,79.660014781966,0.3969730991095848,11
Chronos2-COV-XL,foundation,48,2 d,24,27323,0.2147431789741363,0.46712478192811985,0.6632686297799673,0.5710224336179298,0.43598180548531024,0.8513835800771145,0.7567983017970208,0.6490316912246566,0.0,-14.10035222866874,1
Chronos2-COV,foundation,48,2 d,24,27323,0.21510591227057885,0.4677328399219813,0.664257217847947,0.5712792174778359,0.43733811181686755,0.8529298050720934,0.7532847783918311,0.6434671232238853,0.0,-14.106344235495545,2
Chronos2-COV-LEAN,foundation,48,2 d,24,27323,0.21510438770068396,0.4683563523592498,0.66538403626639,0.5720519276122465,0.4366541612956239,0.8537020293050136,0.7264575632251217,0.6347747934210283,0.0,-13.878752515087179,3
Chronos2-ZS,foundation,48,2 d,24,27323,0.21614410676058826,0.4688044625576788,0.6655663677643385,0.5721864830584962,0.43922249895940824,0.8529266273277206,0.7288365113640523,0.6149262327929857,0.0,-12.728029995016099,4
NPTS,statistical,48,2 d,24,27323,0.23121475379898734,0.493388295260251,0.711319044533731,0.6075483419800304,0.4627091336146844,0.8899179387660054,0.8407934707023387,0.6820923763861948,0.0,-9.848906892453002,5
PatchTST-Tuned,trained deep,48,2 d,24,27323,0.26153325888213913,0.5192453168014074,0.8032625670012479,0.6556799377561299,0.5198125067621902,0.9367468800039342,0.8347912015518062,0.8725085993172429,65.65530871427003,-23.853411887627843,6
PatchTST,trained deep,48,2 d,24,27323,0.2830258596556889,0.535325657907416,0.855031820668198,0.6692861501995341,0.5663778579159976,0.9799847183115384,0.8287889324012736,0.9018142429763454,70.48640339640596,-22.87927749111563,7
ETS,statistical,48,2 d,24,27323,0.27217218856952297,0.4863244793809776,0.9717734402237136,0.6120373209400317,0.5220831562625154,0.8850380654009361,0.9145774622113237,1.3034951998381774,72.84705193426784,0.709052703458543,8
Theta,statistical,48,2 d,24,27323,0.28739879589526135,0.5061883146022614,0.9845309723584391,0.636589245207153,0.552093397747934,0.9202318220033415,0.9495662994546719,1.9781427327560652,85.69703180470665,-5.13676211079729,9
DynamicOptimizedTheta,statistical,48,2 d,24,27323,0.2882488868879598,0.5072836296457122,0.9855741872528493,0.6377730869530812,0.5539924852592863,0.9225378293586886,0.9506276763166563,1.9930198512413257,86.2789591186912,-5.126826598154138,10
SeasonalNaive,reference,48,2 d,24,27323,0.3200225428484976,0.6428036904754578,1.0501945790811311,0.8058212371100731,0.6324638877455991,1.1635460715962764,0.921201917798192,2.0575858992492932,84.14888555429492,0.4337245048706783,11
Chronos2-COV-XL,foundation,72,3 d,24,41140,0.21586891328639712,0.46567249545559,0.6641433465344421,0.570747728857825,0.43945737694927645,0.8477036515250091,0.7718765192027224,0.6564825488966354,0.0,-14.174321072053493,1
Chronos2-COV,foundation,72,3 d,24,41140,0.21617831253091047,0.46628722029194364,0.664753834471444,0.5710611564894209,0.4407293664639093,0.8491539534135433,0.7686436558094312,0.6494593901646372,0.0,-14.110983529166994,2
Chronos2-COV-LEAN,foundation,72,3 d,24,41140,0.2161201591167936,0.46694874186921825,0.6657022363279205,0.5717391675999733,0.4399380442448951,0.8498426716041045,0.7366553232863393,0.6437726892673608,0.0,-13.785894787225082,3
Chronos2-ZS,foundation,72,3 d,24,41140,0.21743471063758033,0.46765276043760023,0.66641223023346,0.5718178637677472,0.44312907032392784,0.8496542016139697,0.7322557122022363,0.6231141062790652,0.0,-12.68498568585052,4
NPTS,statistical,72,3 d,24,41140,0.23071861774745708,0.4903506771380301,0.7090135594740206,0.6052801005042499,0.46220889418599626,0.8827864241421545,0.8393048128342246,0.681041079241614,0.0,-9.412438887191145,5
PatchTST-Tuned,trained deep,72,3 d,24,41140,0.2634768676635025,0.5149263328998953,0.8089793971698357,0.654594881995637,0.5257811584419559,0.9289926302388619,0.8245503159941663,0.9148221776874341,68.05055906660185,-22.575213561398453,6
PatchTST,trained deep,72,3 d,24,41140,0.28686011010429485,0.5439490532406882,0.8637507550159156,0.6845743836110803,0.5771895383216041,0.9955214464616529,0.7881623723869713,0.8134692510617565,69.07389402041808,-28.85174994887187,7
ETS,statistical,72,3 d,24,41140,0.2748587288362271,0.48697468463740456,0.9780390131667435,0.6138190285181361,0.528827835039831,0.8861653443642817,0.9155080213903743,1.3392432566587997,73.53184248906175,1.196076365484405,8
Theta,statistical,72,3 d,24,41140,0.2910084930188907,0.508862541849145,0.990601514480059,0.6401312130331976,0.5616310710881534,0.9255328317792619,0.9543996110841031,2.184177593453695,87.58872143898881,-5.344779795073365,9
DynamicOptimizedTheta,statistical,72,3 d,24,41140,0.29172428125727207,0.5099183558667992,0.9909179209090332,0.6412192101252467,0.5633412064831179,0.9278242292163434,0.9555420515313563,2.2037496646739556,88.21341759844434,-5.418994528522144,10
SeasonalNaive,reference,72,3 d,24,41140,0.324793791116459,0.6465391217980355,1.0627915958197416,0.8116615187208079,0.6403577605201048,1.1669505342531281,0.9334224598930482,2.3504925089304134,86.93728731161886,0.90178243915314,11
Chronos2-COV-XL,foundation,168,7 d,24,96405,0.21806495207486445,0.46104748607418206,0.6628285494027311,0.5636253402944158,0.4444447921081689,0.8433565822695271,0.7751050256729423,0.666970704629866,0.0,-14.097524089413264,1
Chronos2-COV,foundation,168,7 d,24,96405,0.2183436896548316,0.4616841322323319,0.6632232062989839,0.5640761610796643,0.4453182576939346,0.8447929286300844,0.775986722680359,0.6600761308589115,0.0,-14.019467985366992,2
Chronos2-COV-LEAN,foundation,168,7 d,24,96405,0.2183541181062275,0.46229298659364854,0.6640437404718769,0.5647874852655826,0.44487091100441833,0.8455011527484267,0.749483947928012,0.6575392385440215,0.0,-13.638166273537555,3
Chronos2-ZS,foundation,168,7 d,24,96405,0.21985498777080448,0.4634829891878822,0.6652746941366917,0.5647462864391725,0.44842645648053947,0.8465525899716585,0.7428037964835849,0.6323352032182912,0.0,-12.78672138363502,4
NPTS,statistical,168,7 d,24,96405,0.23256038744102758,0.4842744718551207,0.7057384961739203,0.5956817238344313,0.46686387998841117,0.876043583974323,0.8363362896115347,0.6802921010321041,0.0,-8.632712353167507,5
PatchTST-Tuned,trained deep,168,7 d,24,96405,0.26870107779588365,0.5041383152154982,0.8150325553631759,0.6368250321667839,0.534282699025451,0.9160554903239101,0.8298013588506821,0.8759179555182999,66.60650381204294,-17.70128833829204,6
PatchTST,trained deep,168,7 d,24,96405,0.2934078726665526,0.5316611812479852,0.8679178621420783,0.664598098040982,0.5954964257772769,0.9802437246537548,0.8246563974897567,0.9280292829400064,69.99740677350759,-19.80857353121303,7
ETS,statistical,168,7 d,24,96405,0.27662539243844464,0.4818167440953056,0.9799233659895142,0.6073840518701408,0.5356408381785176,0.8825568506154878,0.9225040195010632,1.4564204890768806,75.47326383486333,2.14660713748443,8
DynamicOptimizedTheta,statistical,168,7 d,24,96405,0.2989323085400248,0.5102214786257794,1.014814705943428,0.6417264331408107,0.579412874289518,0.9329897318869609,0.9661324620092319,2.768958189971,91.47450858357969,-4.069049594315276,9
Theta,statistical,168,7 d,24,96405,0.29843774022723185,0.5093742702225919,1.0161512417476553,0.64077413563826,0.5780412308735791,0.9311044081566918,0.9649499507286966,2.7377962937252662,90.91540895181785,-3.9699214858970855,10
SeasonalNaive,reference,168,7 d,24,96405,0.32765258621679605,0.6440618938463764,1.0687578490419327,0.8085297032727574,0.6482492151244708,1.167015230699955,0.9592655982573518,3.2588669803512778,92.42051760800788,1.866636979520197,11
