base,opponent,opponent_family,horizon,horizon_label,metric,n_origins,base_score,opponent_score,diff,improvement_pct,ci_lo_pct,ci_hi_pct,p_bootstrap,dm_stat,p_dm,significant_95,base_better,origins_won
Chronos2-ZS,Chronos2-COV-XL,foundation,6,6 h,MASE,24,0.596173475223719,0.5947290594891828,0.001444415734536273,-0.242869540589944,-1.2459488696020886,0.6900807971924341,0.6274,0.4813018094875614,0.6348494659012616,False,False,10
Chronos2-ZS,Chronos2-COV-XL,foundation,6,6 h,MAE,24,0.1958597924489299,0.19576210230477867,9.76901441511827e-05,-0.04990248010265571,-1.7498913185988587,1.6307452811175729,0.936,0.057195699731179814,0.9548833012446156,False,False,12
Chronos2-ZS,Chronos2-COV-XL,foundation,12,12 h,MASE,24,0.627832870455817,0.6266449989190307,0.001187871536786356,-0.1895605229173531,-1.5226087415346974,0.9702071666379614,0.8072,0.2952074347608411,0.7704838907961864,False,False,13
Chronos2-ZS,Chronos2-COV-XL,foundation,12,12 h,MAE,24,0.20245644476148775,0.2013174293716606,0.001139015389827206,-0.5657808136047782,-2.525631792931127,1.3422914903199918,0.588,0.5601147811165025,0.5808162739633027,False,False,11
Chronos2-ZS,Chronos2-COV-XL,foundation,24,1 d,MASE,24,0.6563016477223401,0.6564723787979299,-0.00017073107558973621,0.026007350972231735,-0.876541405786657,0.8226536500761985,0.893,-0.06273604015362085,0.9505187248485825,False,False,13
Chronos2-ZS,Chronos2-COV-XL,foundation,24,1 d,MAE,24,0.21110794348326048,0.21014815081978133,0.0009597926634791597,-0.4567219172450668,-1.7783325124673617,0.6623373111843852,0.4842,0.7862100839722723,0.4397700081203495,False,False,10
Chronos2-ZS,Chronos2-COV-XL,foundation,48,2 d,MASE,24,0.6668431302730689,0.6647052774663015,0.002137852806767158,-0.3216241662645052,-0.9411278406125791,0.2608696122306009,0.2986,0.8177591418787378,0.42188597293929764,False,False,10
Chronos2-ZS,Chronos2-COV-XL,foundation,48,2 d,MAE,24,0.21628921618847488,0.21496055882857104,0.0013286573599038398,-0.6180935549964918,-1.3513208055844086,0.09156242201477437,0.0928,1.3630459111648978,0.18606436953198036,False,False,8
Chronos2-ZS,Chronos2-COV-XL,foundation,72,3 d,MASE,24,0.6670011520667843,0.6648790306029742,0.002122121463810097,-0.3191740701892132,-0.8907147828478772,0.23525207041477983,0.2662,0.6072892024631866,0.5496081569560707,False,False,9
Chronos2-ZS,Chronos2-COV-XL,foundation,72,3 d,MAE,24,0.2174327787558811,0.21593520719779472,0.0014975715580864042,-0.6935282011305558,-1.3380290169784632,-0.0014848543040320557,0.0492,1.3351683734467277,0.19488666268333144,True,False,5
Chronos2-ZS,Chronos2-COV-XL,foundation,168,7 d,MASE,24,0.6652976708299781,0.6628852888667536,0.002412381963224635,-0.36392148139970976,-0.7383944625096228,0.008913194735934443,0.0544,0.8207163834719854,0.4202332146401575,False,False,9
Chronos2-ZS,Chronos2-COV-XL,foundation,168,7 d,MAE,24,0.2197993179577634,0.2180278697413446,0.0017714482164187043,-0.812487054301932,-1.153000785188579,-0.443527699781312,0.0,1.9276792596297572,0.06633295283025653,True,False,3
Chronos2-ZS,Chronos2-COV,foundation,6,6 h,MASE,24,0.596173475223719,0.5963231558277006,-0.0001496806039816105,0.025100585566537797,-1.0682013897925215,1.0595819878482684,0.948,-0.04523662897946137,0.9643091695363937,False,False,14
Chronos2-ZS,Chronos2-COV,foundation,6,6 h,MAE,24,0.1958597924489299,0.1957342025790075,0.0001255898699224012,-0.06416347693332096,-1.6784618716926536,1.444905020189926,0.974,0.07846826886232715,0.9381342608882963,False,False,13
Chronos2-ZS,Chronos2-COV,foundation,12,12 h,MASE,24,0.627832870455817,0.627801941039423,3.092941639411262e-05,-0.004926620064745929,-1.2840714285364767,1.1266857553524254,0.975,0.007771328780930757,0.9938664533217536,False,False,16
Chronos2-ZS,Chronos2-COV,foundation,12,12 h,MAE,24,0.20245644476148775,0.20136702074342402,0.0010894240180637671,-0.5410141213996901,-2.382407997027912,1.1437651707564762,0.5548,0.594524004723875,0.557965414175208,False,False,14
Chronos2-ZS,Chronos2-COV,foundation,24,1 d,MASE,24,0.6563016477223401,0.6572048743660505,-0.0009032266437103675,0.13743456248428365,-0.8256598108735288,1.0188966149729135,0.745,-0.29328987720903105,0.7719306211437416,False,False,12
Chronos2-ZS,Chronos2-COV,foundation,24,1 d,MAE,24,0.21110794348326048,0.21018900155795148,0.0009189419253090135,-0.43719791164032473,-1.6904028064012009,0.6578870696295559,0.4712,0.7214592084902246,0.47789766167809233,False,False,13
Chronos2-ZS,Chronos2-COV,foundation,48,2 d,MASE,24,0.6668431302730689,0.6656937294084617,0.0011494008646069965,-0.17266211379643895,-0.8128639787465916,0.43015709472314384,0.6054,0.4044790264864959,0.6895973692044133,False,False,13
Chronos2-ZS,Chronos2-COV,foundation,48,2 d,MAE,24,0.21628921618847488,0.21531390118373192,0.0009753150047430032,-0.45297354206161833,-1.1773224667818367,0.23516528704708506,0.2052,0.887979967893353,0.38374394820704305,False,False,9
Chronos2-ZS,Chronos2-COV,foundation,72,3 d,MASE,24,0.6670011520667843,0.6654771540583514,0.0015239980084328735,-0.22900831367972763,-0.8215000766503501,0.34219185403136726,0.4432,0.4177770803509702,0.6799846334970372,False,False,12
Chronos2-ZS,Chronos2-COV,foundation,72,3 d,MAE,24,0.2174327787558811,0.216236525371808,0.0011962533840730837,-0.553215226713519,-1.1392734913890872,0.07767729575456334,0.0836,1.0978168654425269,0.2836449783200472,False,False,7
Chronos2-ZS,Chronos2-COV,foundation,168,7 d,MASE,24,0.6652976708299781,0.6632770461878224,0.002020624642155855,-0.30464263067286484,-0.6798080188421471,0.06399346321523298,0.1074,0.6187891945788001,0.5421359395263852,False,False,10
Chronos2-ZS,Chronos2-COV,foundation,168,7 d,MAE,24,0.2197993179577634,0.21830482803274576,0.0014944899250176231,-0.6845885812445015,-0.9888318205919354,-0.33899297762992253,0.0002,1.5445481300695525,0.13610467905468493,True,False,3
Chronos2-ZS,Chronos2-COV-LEAN,foundation,6,6 h,MASE,24,0.596173475223719,0.5972506730899024,-0.0010771978661834995,0.18035942272121175,-0.891844108801859,1.196441009820129,0.7342,-0.33163534757686275,0.7431675831533651,False,False,15
Chronos2-ZS,Chronos2-COV-LEAN,foundation,6,6 h,MAE,24,0.1958597924489299,0.19556893919728147,0.0002908532516484157,-0.14872159804222057,-1.6678960273975092,1.2204130875519592,0.849,0.19659587532780695,0.8458706156922304,False,False,15
Chronos2-ZS,Chronos2-COV-LEAN,foundation,12,12 h,MASE,24,0.627832870455817,0.6289194574177056,-0.0010865869618884745,0.17277044764204244,-0.9391755671230748,1.198539982681912,0.7114,-0.30804536737947713,0.7608202838926936,False,False,15
Chronos2-ZS,Chronos2-COV-LEAN,foundation,12,12 h,MAE,24,0.20245644476148775,0.20123094472868652,0.0012255000328012782,-0.609001778754049,-2.13998024774494,0.8031393883315995,0.432,0.782362753635427,0.4419822660591568,False,False,12
Chronos2-ZS,Chronos2-COV-LEAN,foundation,24,1 d,MASE,24,0.6563016477223401,0.6576150640658587,-0.0013134163435186118,0.19972418749018742,-0.5885065077551198,0.9478416575689735,0.5968,-0.5743235704966917,0.571323813508795,False,False,11
Chronos2-ZS,Chronos2-COV-LEAN,foundation,24,1 d,MAE,24,0.21110794348326048,0.20991360703845763,0.0011943364448028556,-0.5689657100618756,-1.5582720229703515,0.3192128706185723,0.2326,1.1271259732907133,0.271311407341001,False,False,12
Chronos2-ZS,Chronos2-COV-LEAN,foundation,48,2 d,MASE,24,0.6668431302730689,0.6668210374310188,2.2092842049944994e-05,-0.0033131591251318987,-0.5656341602038913,0.5412290762972022,0.9966,0.01030553463657118,0.9918663878551697,False,False,11
Chronos2-ZS,Chronos2-COV-LEAN,foundation,48,2 d,MAE,24,0.21628921618847488,0.21532132607223506,0.0009678901162398663,-0.44950963933556803,-1.1239526134353306,0.21597900027608316,0.1832,0.8584341860809868,0.3995107762409529,False,False,9
Chronos2-ZS,Chronos2-COV-LEAN,foundation,72,3 d,MASE,24,0.6670011520667843,0.6664089421527749,0.0005922099140093599,-0.08886584146009181,-0.5685731601171587,0.39803522321443136,0.7288,0.21984358274281132,0.827932500858334,False,False,11
Chronos2-ZS,Chronos2-COV-LEAN,foundation,72,3 d,MAE,24,0.2174327787558811,0.21617440325713985,0.0012583754987412685,-0.5821112397125151,-1.11169226299724,0.0009732951882835936,0.0506,1.2595171241025775,0.2204756337248297,False,False,5
Chronos2-ZS,Chronos2-COV-LEAN,foundation,168,7 d,MASE,24,0.6652976708299781,0.6640929705078864,0.00120470032209181,-0.18140537177655663,-0.5004402673900421,0.13928942926111063,0.2628,0.5000640846857759,0.6217808503304236,False,False,11
Chronos2-ZS,Chronos2-COV-LEAN,foundation,168,7 d,MAE,24,0.2197993179577634,0.21831234631551225,0.00148697164225108,-0.6811211859278261,-0.9561886305372673,-0.37694418601736324,0.0,2.18348657831711,0.039459270711785344,True,False,3
Chronos2-ZS,NPTS,statistical,6,6 h,MASE,24,0.596173475223719,0.6813092938065014,-0.08513581858278245,12.49591328882736,6.178214992926714,20.365218492221608,0.0,-3.3721727807007427,0.0026298684797660954,True,True,18
Chronos2-ZS,NPTS,statistical,6,6 h,MAE,24,0.1958597924489299,0.22873408564814812,-0.03287429319921826,14.372275608186959,6.2514594615435595,24.996100834478366,0.0,-2.9460823190446166,0.0072501838784693184,True,True,19
Chronos2-ZS,NPTS,statistical,12,12 h,MASE,24,0.627832870455817,0.6907974658761917,-0.0629645954203746,9.11476931093135,4.657735512483057,14.399591794805776,0.0,-3.5660408431020074,0.0016409355620952137,True,True,17
Chronos2-ZS,NPTS,statistical,12,12 h,MAE,24,0.20245644476148775,0.2250158179012346,-0.02255937313974678,10.025683238699552,3.833370524342648,17.848413290397076,0.0,-2.7069421223812267,0.012579140055785087,True,True,20
Chronos2-ZS,NPTS,statistical,24,1 d,MASE,24,0.6563016477223401,0.7109098367277497,-0.054608189005409535,7.681450752850155,4.390219754737635,11.273038909266779,0.0,-3.7082537947032317,0.0011575455826688952,True,True,19
Chronos2-ZS,NPTS,statistical,24,1 d,MAE,24,0.21110794348326048,0.2297475311147186,-0.018639587631458125,8.113074182351461,3.591524948534441,13.246175828471944,0.0,-3.1409692188275034,0.004579822044728177,True,True,20
Chronos2-ZS,NPTS,statistical,48,2 d,MASE,24,0.6668431302730689,0.7125859764544068,-0.04574284618133801,6.419273981357219,3.9158801629752626,8.935916532353575,0.0,-3.2700394565150344,0.0033640544623181334,True,True,21
Chronos2-ZS,NPTS,statistical,48,2 d,MAE,24,0.21628921618847488,0.2313036711097516,-0.015014454921276744,6.491230705176535,3.5356084124939136,9.659076079420746,0.0,-2.90244339035349,0.00802603477294861,True,True,20
Chronos2-ZS,NPTS,statistical,72,3 d,MASE,24,0.6670011520667843,0.7095294429414398,-0.042528290874655574,5.99387260074077,3.965113425647316,8.025014871832957,0.0,-2.966959270575538,0.006904873967071179,True,True,21
Chronos2-ZS,NPTS,statistical,72,3 d,MAE,24,0.2174327787558811,0.23066272817009667,-0.013229949414215536,5.735625135093099,3.230873996507219,8.284580745673598,0.0,-3.2428899154901023,0.0035905226464794104,True,True,20
Chronos2-ZS,NPTS,statistical,168,7 d,MASE,24,0.6652976708299781,0.7057442937173383,-0.04044662288736009,5.731059145277284,4.7726867713665895,6.73660014529839,0.0,-3.957975452000278,0.0006243897433888534,True,True,24
Chronos2-ZS,NPTS,statistical,168,7 d,MAE,24,0.2197993179577634,0.23249029254367018,-0.012690974585906822,5.458711607721425,4.5093058436104565,6.3915655141780325,0.0,-4.6282535824899025,0.00011756387890904385,True,True,24
Chronos2-ZS,PatchTST-Tuned,trained deep,6,6 h,MASE,24,0.596173475223719,0.7140835421054912,-0.11791006688177219,16.512082960785197,9.800713361211228,23.77933706389439,0.0,-4.518738148393149,0.00015447894407238927,True,True,21
Chronos2-ZS,PatchTST-Tuned,trained deep,6,6 h,MAE,24,0.1958597924489299,0.23568041209119453,-0.03982061964226461,16.89602427666172,10.41554206956569,23.84727428800992,0.0,-4.778227830016125,8.091777141205903e-05,True,True,20
Chronos2-ZS,PatchTST-Tuned,trained deep,12,12 h,MASE,24,0.627832870455817,0.7600704850237129,-0.1322376145678957,17.39807257004199,10.683816553201849,23.665716684983995,0.0,-5.277271281637886,2.351051107396529e-05,True,True,23
Chronos2-ZS,PatchTST-Tuned,trained deep,12,12 h,MAE,24,0.20245644476148775,0.24509187294229964,-0.042635428180811875,17.395692345477833,10.86001014097554,23.55686707448677,0.0,-5.258520816084842,2.462147359305611e-05,True,True,21
Chronos2-ZS,PatchTST-Tuned,trained deep,24,1 d,MASE,24,0.6563016477223401,0.8060666428049318,-0.14976499508259158,18.579728663804133,13.652428490059588,22.81299682658446,0.0,-6.451541939060474,1.390574557724733e-06,True,True,23
Chronos2-ZS,PatchTST-Tuned,trained deep,24,1 d,MAE,24,0.21110794348326048,0.26084370242398786,-0.04973575894072737,19.067264602725384,13.410413478404577,24.01916350346533,0.0,-6.130010135188603,2.973618889789975e-06,True,True,23
Chronos2-ZS,PatchTST-Tuned,trained deep,48,2 d,MASE,24,0.6668431302730689,0.8058176626827592,-0.13897453240969052,17.246399383579053,13.378704463762002,21.045505103586912,0.0,-5.989522719427284,4.160034160261006e-06,True,True,23
Chronos2-ZS,PatchTST-Tuned,trained deep,48,2 d,MAE,24,0.21628921618847488,0.26212504346426785,-0.045835827275792974,17.486244988278344,13.641900930373355,21.40746251616971,0.0,-6.257085931625345,2.1989205276629065e-06,True,True,23
Chronos2-ZS,PatchTST-Tuned,trained deep,72,3 d,MASE,24,0.6670011520667843,0.8103588162520206,-0.1433576641852364,17.690640406465615,14.968487881693486,20.46621756545845,0.0,-7.204605610946882,2.4632285988701597e-07,True,True,24
Chronos2-ZS,PatchTST-Tuned,trained deep,72,3 d,MAE,24,0.2174327787558811,0.26379899979685517,-0.04636622104097408,17.576344518621948,14.739859676803242,20.529986362015553,0.0,-6.234157810015627,2.3216714457596765e-06,True,True,24
Chronos2-ZS,PatchTST-Tuned,trained deep,168,7 d,MASE,24,0.6652976708299781,0.8152218679283653,-0.14992419709838703,18.39060052196258,17.051807512227228,19.783930469316065,0.0,-12.214664824415388,1.5502266137445986e-11,True,True,24
Chronos2-ZS,PatchTST-Tuned,trained deep,168,7 d,MAE,24,0.2197993179577634,0.2687312212217287,-0.04893190326396533,18.208492128866514,16.595384388082724,20.016635119033516,0.0,-7.198857961217624,2.495299169513743e-07,True,True,24
Chronos2-ZS,PatchTST,trained deep,6,6 h,MASE,24,0.596173475223719,0.7680426732986024,-0.17186919807488332,22.377558441738223,15.789661764451704,29.883785960794867,0.0,-5.98646667598866,4.190626978317624e-06,True,True,24
Chronos2-ZS,PatchTST,trained deep,6,6 h,MAE,24,0.1958597924489299,0.2543381860397454,-0.0584783935908155,22.992376607450165,16.560835871387795,30.431550049461134,0.0,-6.39451715986598,1.5898506984246552e-06,True,True,23
Chronos2-ZS,PatchTST,trained deep,12,12 h,MASE,24,0.627832870455817,0.8232823078744474,-0.19544943741863038,23.740269352227703,17.6154463693705,29.623823725623303,0.0,-7.535047174680271,1.1794965848466177e-07,True,True,23
Chronos2-ZS,PatchTST,trained deep,12,12 h,MAE,24,0.20245644476148775,0.26829023782922495,-0.06583379306773712,24.53827377410667,17.93548161605465,30.765799939451483,0.0,-7.264710035637665,2.152135507582642e-07,True,True,22
Chronos2-ZS,PatchTST,trained deep,24,1 d,MASE,24,0.6563016477223401,0.8575327826027704,-0.20123113488043032,23.466290614529818,18.66595636435599,27.67695508175916,0.0,-8.122491443527574,3.301588136217504e-08,True,True,23
Chronos2-ZS,PatchTST,trained deep,24,1 d,MAE,24,0.21110794348326048,0.2819963977670513,-0.07088845428379083,25.138070856617688,19.129588502467932,30.666786810564812,0.0,-6.929572957903223,4.5964017814092983e-07,True,True,22
Chronos2-ZS,PatchTST,trained deep,48,2 d,MASE,24,0.6668431302730689,0.8576695777061031,-0.19082644743303437,22.249413106550072,18.825732210572827,25.562487609966087,0.0,-8.948687608252419,5.95292481975207e-09,True,True,24
Chronos2-ZS,PatchTST,trained deep,48,2 d,MAE,24,0.21628921618847488,0.28373768167423896,-0.06744846548576404,23.771416291193233,19.47960728322217,28.086829340350373,0.0,-8.495799125585382,1.5055925839391193e-08,True,True,24
Chronos2-ZS,PatchTST,trained deep,72,3 d,MASE,24,0.6670011520667843,0.8654530887792812,-0.19845193671249686,22.930409433561866,19.848352737403854,26.007295117323604,0.0,-10.197601167715245,5.277844827844547e-10,True,True,24
Chronos2-ZS,PatchTST,trained deep,72,3 d,MAE,24,0.2174327787558811,0.2872860196271469,-0.06985324087126575,24.314876499011167,20.79522221012806,28.051062821833646,0.0,-10.199208130273098,5.262068558664623e-10,True,True,24
Chronos2-ZS,PatchTST,trained deep,168,7 d,MASE,24,0.6652976708299781,0.868118812923635,-0.2028211420936569,23.363293027897818,21.95196785593246,24.843752863636208,0.0,-16.46613040348012,3.197442310920451e-14,True,True,24
Chronos2-ZS,PatchTST,trained deep,168,7 d,MAE,24,0.2197993179577634,0.29343606541441764,-0.07363674745665431,25.094647909982594,22.98513139486185,27.281962227693356,0.0,-10.412963607939984,3.54326790130699e-10,True,True,24
Chronos2-ZS,ETS,statistical,6,6 h,MASE,24,0.596173475223719,0.9260818146467041,-0.32990833942298503,35.624102990170854,23.440429368988774,53.94974404218961,0.0,-4.35534931514196,0.00023220504076704174,True,True,24
Chronos2-ZS,ETS,statistical,6,6 h,MAE,24,0.1958597924489299,0.2589308353525737,-0.06307104290364383,24.35825876735114,17.702518355047584,32.249201648914955,0.0,-6.486768396856748,1.2804110292030657e-06,True,True,23
Chronos2-ZS,ETS,statistical,12,12 h,MASE,24,0.627832870455817,0.9571487533015492,-0.32931588284573216,34.40592506753037,22.91846387841857,51.461730612825555,0.0,-4.4860114669920845,0.00016761812551568944,True,True,24
Chronos2-ZS,ETS,statistical,12,12 h,MAE,24,0.20245644476148775,0.2612420255584546,-0.058785580796966774,22.50234458690228,16.355530941971004,29.438236279722467,0.0,-6.770107977618825,6.628641362471654e-07,True,True,24
Chronos2-ZS,ETS,statistical,24,1 d,MASE,24,0.6563016477223401,0.9657363749025052,-0.3094347271801651,32.041324653573675,22.640074738545614,45.844406663022575,0.0,-3.853490002465322,0.0008088687483984724,True,True,24
Chronos2-ZS,ETS,statistical,24,1 d,MAE,24,0.21110794348326048,0.2683352582808677,-0.05722731479760718,21.326796621600547,15.831466820656843,27.15229423473277,0.0,-5.412662557244844,1.6858060597035873e-05,True,True,24
Chronos2-ZS,ETS,statistical,48,2 d,MASE,24,0.6668431302730689,0.9750069923514434,-0.3081638620783747,31.606323287504832,22.480912735413067,45.56658774064061,0.0,-3.195206243344391,0.004024499810099336,True,True,24
Chronos2-ZS,ETS,statistical,48,2 d,MAE,24,0.21628921618847488,0.2724644343791898,-0.05617521819071495,20.61744987697575,15.906406704531586,25.593519128448253,0.0,-4.5212255878169065,0.00015352350739039622,True,True,24
Chronos2-ZS,ETS,statistical,72,3 d,MASE,24,0.6670011520667843,0.9799222111342939,-0.3129210590675096,31.933255059633016,22.314579100008242,45.98735416221861,0.0,-2.854306391867495,0.008973541645425964,True,True,24
Chronos2-ZS,ETS,statistical,72,3 d,MAE,24,0.2174327787558811,0.27495890369326753,-0.057526124937386396,20.92171745111411,16.014457958523504,26.165078402625674,0.0,-4.131269875387424,0.00040588624360982095,True,True,24
Chronos2-ZS,ETS,statistical,168,7 d,MASE,24,0.6652976708299781,0.9805231785401913,-0.31522550771021307,32.148705365590914,22.33776779173867,46.94545867761188,0.0,-2.1356688650376943,0.043577663056529214,True,True,24
Chronos2-ZS,ETS,statistical,168,7 d,MAE,24,0.2197993179577634,0.27659864802828005,-0.05679933007051672,20.534926860781127,16.596796342733196,25.01726848769487,0.0,-3.1218279192560905,0.004792917590373147,True,True,24
Chronos2-ZS,Theta,statistical,6,6 h,MASE,24,0.596173475223719,0.9186132281291703,-0.32243975290545135,35.10070865865124,22.3148489101724,56.12500790767158,0.0,-3.6640348755841563,0.0012905139555634548,True,True,24
Chronos2-ZS,Theta,statistical,6,6 h,MAE,24,0.1958597924489299,0.2607729061248378,-0.06491311367590791,24.8925836048445,17.345446308926896,33.78491217768361,0.0,-5.727073201024263,7.832311354150079e-06,True,True,23
Chronos2-ZS,Theta,statistical,12,12 h,MASE,24,0.627832870455817,0.9568894738388977,-0.3290566033830806,34.38815164963145,22.160814635638484,54.62061305991321,0.0,-3.776119372467536,0.0009792651283730969,True,True,24
Chronos2-ZS,Theta,statistical,12,12 h,MAE,24,0.20245644476148775,0.2695826102623295,-0.06712616550084173,24.900035442019647,17.23199603159018,34.137403578876025,0.0,-5.69993794163005,8.365078090877276e-06,True,True,24
Chronos2-ZS,Theta,statistical,24,1 d,MASE,24,0.6563016477223401,0.9624922814738192,-0.3061906337514791,31.812269006731544,21.345693020525548,48.281909849444766,0.0,-3.5426041932999106,0.0017376845368781701,True,True,24
Chronos2-ZS,Theta,statistical,24,1 d,MAE,24,0.21110794348326048,0.27997656081472544,-0.06886861733146497,24.597993893152648,17.72176980618842,32.91678538440197,0.0,-5.195628655272279,2.8750734330174055e-05,True,True,24
Chronos2-ZS,Theta,statistical,48,2 d,MASE,24,0.6668431302730689,0.9885619760547358,-0.32171884578166704,32.54412505987928,22.723604859924396,48.404244528957484,0.0,-3.2976647796154404,0.0031478574096888146,True,True,24
Chronos2-ZS,Theta,statistical,48,2 d,MAE,24,0.21628921618847488,0.28797904109330946,-0.07168982490483454,24.894111957823338,19.220437178122808,32.20103281078684,0.0,-5.082273604634701,3.8044631315736765e-05,True,True,24
Chronos2-ZS,Theta,statistical,72,3 d,MASE,24,0.6670011520667843,0.9930739511029261,-0.3260727990361418,32.83469460396171,22.753128336316095,49.421619254576555,0.0,-2.9638820090860336,0.006954765186185208,True,True,24
Chronos2-ZS,Theta,statistical,72,3 d,MAE,24,0.2174327787558811,0.29133891274682855,-0.07390613399094743,25.36775238643502,19.71694508070174,32.785204851285464,0.0,-4.53482159431978,0.00014840483997935472,True,True,24
Chronos2-ZS,Theta,statistical,168,7 d,MASE,24,0.6652976708299781,1.016921432660986,-0.35162376183100785,34.5772790834894,23.836680366730466,51.78300513576414,0.0,-2.212798363880649,0.03711210825539313,True,True,24
Chronos2-ZS,Theta,statistical,168,7 d,MAE,24,0.2197993179577634,0.29848717813246795,-0.0786878601747046,26.362224557526254,20.735892562191104,33.6036468444562,0.0,-3.3558324581432495,0.002735843446977082,True,True,24
Chronos2-ZS,DynamicOptimizedTheta,statistical,6,6 h,MASE,24,0.596173475223719,0.9185015772266389,-0.32232810200291984,35.09281965265323,22.38505586910438,56.11282643873904,0.0,-3.6631645338994074,0.001293276343636629,True,True,24
Chronos2-ZS,DynamicOptimizedTheta,statistical,6,6 h,MAE,24,0.1958597924489299,0.26089374046475783,-0.06503394801582796,24.927370008945424,17.385787823577626,33.930719611785456,0.0,-5.766251123024484,7.123279500254043e-06,True,True,23
Chronos2-ZS,DynamicOptimizedTheta,statistical,12,12 h,MASE,24,0.627832870455817,0.9577403606351499,-0.3299074901793328,34.44644328871619,22.27124214639286,54.350469864814265,0.0,-3.7851076528058485,0.0009577815416021984,True,True,24
Chronos2-ZS,DynamicOptimizedTheta,statistical,12,12 h,MAE,24,0.20245644476148775,0.27007967412517514,-0.06762322936368732,25.03825198350382,17.489702873568593,34.11102765978427,0.0,-5.748555164475624,7.435083027251821e-06,True,True,24
Chronos2-ZS,DynamicOptimizedTheta,statistical,24,1 d,MASE,24,0.6563016477223401,0.9638824804410148,-0.30758083271867465,31.910615553251276,21.625666102317883,48.488311490619495,0.0,-3.5642063882384742,0.0016483140713112743,True,True,24
Chronos2-ZS,DynamicOptimizedTheta,statistical,24,1 d,MAE,24,0.21110794348326048,0.2807399610376527,-0.0696320175543922,24.803030283620078,17.99611686315354,32.96355327996528,0.0,-5.244404543080184,2.5492782496971955e-05,True,True,24
Chronos2-ZS,DynamicOptimizedTheta,statistical,48,2 d,MASE,24,0.6668431302730689,0.9895878295197863,-0.3227446992467176,32.614053004606454,22.870698396323633,48.48668022031863,0.0,-3.31793583023544,0.002997857466443321,True,True,24
Chronos2-ZS,DynamicOptimizedTheta,statistical,48,2 d,MAE,24,0.21628921618847488,0.28881748737251167,-0.07252827118403678,25.112146720704313,19.393186084586,32.57622729080939,0.0,-5.149329238734351,3.223235092786325e-05,True,True,24
Chronos2-ZS,DynamicOptimizedTheta,statistical,72,3 d,MASE,24,0.6670011520667843,0.9933809069914816,-0.32637975492469734,32.855448763673095,22.72994015084526,49.68911508090651,0.0,-2.9811833865678663,0.006678677410326905,True,True,24
Chronos2-ZS,DynamicOptimizedTheta,statistical,72,3 d,MAE,24,0.2174327787558811,0.29204665109755973,-0.07461387234167861,25.548614257779473,19.809382875633784,32.79895578916965,0.0,-4.617128626771178,0.00012086970098668104,True,True,24
Chronos2-ZS,DynamicOptimizedTheta,statistical,168,7 d,MASE,24,0.6652976708299781,1.0155799516549024,-0.3502822808249242,34.49086211815565,23.8720157417705,51.72243856203643,0.0,-2.2172488536601684,0.036767019137512236,True,True,24
Chronos2-ZS,DynamicOptimizedTheta,statistical,168,7 d,MAE,24,0.2197993179577634,0.2989773090577766,-0.07917799110001324,26.482943253968582,20.786479696115894,34.09768778019329,0.0,-3.385529320756174,0.002546222449332669,True,True,24
Chronos2-ZS,SeasonalNaive,reference,6,6 h,MASE,24,0.596173475223719,0.9697212139619116,-0.37354773873819264,38.52114745556806,24.815073462623676,55.7822761712706,0.0,-4.735050787527105,9.00992756656116e-05,True,True,24
Chronos2-ZS,SeasonalNaive,reference,6,6 h,MAE,24,0.1958597924489299,0.30625144675925925,-0.11039165431032938,36.04608418294494,27.22721215587453,45.307987401119625,0.0,-7.642460015963502,9.313074156303003e-08,True,True,24
Chronos2-ZS,SeasonalNaive,reference,12,12 h,MASE,24,0.627832870455817,0.9638717673426972,-0.33603889688688016,34.863444316177805,26.51770666292236,44.34321165990954,0.0,-7.586661467016989,1.0527133498250407e-07,True,True,24
Chronos2-ZS,SeasonalNaive,reference,12,12 h,MAE,24,0.20245644476148775,0.30329349922839505,-0.10083705446690727,33.24735107196346,26.30384338606536,40.1469890452901,0.0,-9.15640257206432,3.92456001030439e-09,True,True,24
Chronos2-ZS,SeasonalNaive,reference,24,1 d,MASE,24,0.6563016477223401,1.0362816373709667,-0.3799799896486266,36.66763705401854,28.246249196155,46.94635807460153,0.0,-5.338788630392599,2.020934500412963e-05,True,True,24
Chronos2-ZS,SeasonalNaive,reference,24,1 d,MAE,24,0.21110794348326048,0.316975615530303,-0.10586767204704255,33.39931113310562,27.109153965048534,39.98249153102814,0.0,-8.792925461085252,8.165996989717428e-09,True,True,24
Chronos2-ZS,SeasonalNaive,reference,48,2 d,MASE,24,0.6668431302730689,1.0529448715732006,-0.3861017413001319,36.668751776459,28.670914332401892,46.94188196158021,0.0,-4.7798419764962246,8.059338940547e-05,True,True,24
Chronos2-ZS,SeasonalNaive,reference,48,2 d,MAE,24,0.21628921618847488,0.31997703332644817,-0.10368781713797327,32.40476857355837,27.229103325537018,37.68665086280067,0.0,-7.823415908646374,6.276956887596441e-08,True,True,24
Chronos2-ZS,SeasonalNaive,reference,72,3 d,MASE,24,0.6670011520667843,1.0637394251095331,-0.39673827304274883,37.29656565111298,29.136709321653683,47.66539467817834,0.0,-4.768704162879241,8.28585659666814e-05,True,True,24
Chronos2-ZS,SeasonalNaive,reference,72,3 d,MAE,24,0.2174327787558811,0.32460850800357527,-0.10717572924769414,33.01691933672721,27.518752591416707,39.1105209427684,0.0,-8.006250596396312,4.2320891902036806e-08,True,True,24
Chronos2-ZS,SeasonalNaive,reference,168,7 d,MASE,24,0.6652976708299781,1.0691916705861768,-0.4038939997561985,37.775640314777846,29.971066172731703,48.091547607262484,0.0,-3.5555687320068494,0.0016834953869777625,True,True,24
Chronos2-ZS,SeasonalNaive,reference,168,7 d,MAE,24,0.2197993179577634,0.32756682970280465,-0.10776751174504129,32.89939700024473,28.178387591044235,38.022213024352546,0.0,-5.985909845702613,4.196225811270438e-06,True,True,24
