model,tank,trust,mean_actual,mae,ref_mae,skill
Chronos2-COV-LEAN,BE_BLOCK_OHT,healthy,1.9401241134751774,0.7117061311556092,1.0221631205673758,0.3037254848711819
Chronos2-COV-LEAN,BE_BLOCK_RO,dead,0.01148936170212766,0.007758001103065908,0.011631205673758867,0.3330011246754312
Chronos2-COV-LEAN,CRICKET_GROUND_OHT,degraded,0.008421985815602837,0.008877819136498457,0.01620567375886525,0.4521783377477976
Chronos2-COV-LEAN,F_BLOCK,healthy,0.7098226950354609,0.3663639945447022,0.6092021276595744,0.3986166858080501
Chronos2-COV-LEAN,GJBC_BLOCK_1_A1_BOYS,degraded,0.15852836879432625,0.077774394173043,0.10400709219858156,0.25222028105018335
Chronos2-COV-LEAN,GJBC_BLOCK_1_A2_GIRLS,healthy,0.1647340425531915,0.07370566698623464,0.1023936170212766,0.28017322631625396
Chronos2-COV-LEAN,GJBC_BLOCK_1_A3,healthy,0.1895390070921986,0.09955027640499967,0.13134751773049644,0.2420848286660392
Chronos2-COV-LEAN,GJBC_BLOCK_1_A4_RO,degraded,0.00400709219858156,0.004039080759224727,0.005602836879432625,0.2791007758852071
Chronos2-COV-LEAN,GJBC_BLOCK_2_A1,healthy,0.4049468085106383,0.11804991804221844,0.20960992907801418,0.4368114212839519
Chronos2-COV-LEAN,GJBC_LAW_BLOCK_3_A4_BOYS,healthy,1.280709219858156,0.5786907097253393,0.9025886524822695,0.35885443703081876
Chronos2-COV-LEAN,GJBC_LAW_BLOCK_3__A1,healthy,0.6260071301247772,0.37348276467246805,0.5237433155080213,0.28689731474625757
Chronos2-COV-LEAN,GJBC_LAW_BLOCK_3__A2,healthy,0.4324468085106383,0.17562696870548505,0.2426595744680851,0.27624133896029823
Chronos2-COV-LEAN,GJBC_LAW_BLOCK_3__A3_GIRLS,healthy,0.3408333333333333,0.14622983294175873,0.18388297872340426,0.20476689056839337
Chronos2-COV-LEAN,G_BLOCK,healthy,1.0315248226950353,0.34360177598523756,0.5320390070921985,0.3541793526321392
Chronos2-COV-LEAN,I&H_BLOCK,degraded,0.314113475177305,0.3154971211250369,0.5689007092198581,0.44542673965430146
Chronos2-COV-LEAN,INFORMATION_CENTRE,dead,0.01730496453900709,0.01765535271052826,0.03664893617021276,0.5182574296691853
Chronos2-COV-LEAN,IT_BLOCK,degraded,0.09443262411347518,0.06384505637029701,0.09551418439716311,0.33156465949791125
Chronos2-COV-LEAN,ME_WORKSHOP_BLOCK,degraded,0.037429078014184394,0.02655774377814844,0.0376241134751773,0.29412971296532886
Chronos2-COV-LEAN,MM_BLOCK,healthy,1.1443617021276595,0.23735087212095868,0.32232269503546096,0.2636234563165152
Chronos2-COV-LEAN,MRD_BLOCK,healthy,1.388758865248227,0.736047615704807,1.0859397163120568,0.32220214009255776
Chronos2-COV-LEAN,NBX,healthy,0.8031729055258466,0.349578699759621,0.4968805704099822,0.2964532715151663
Chronos2-COV-LEAN,NEW_BLOCK,healthy,0.1748936170212766,0.035322030802250756,0.05079787234042553,0.30465530986145106
Chronos2-COV-LEAN,NEW_BLOCK_RO,dead,0.0003900709219858156,0.0004901979971038845,0.0006205673758865249,0.21008094180974035
Chronos2-COV-LEAN,TECH_PARK,healthy,0.40037234042553194,0.17818219563639756,0.3348581560283688,0.467887544536015
Chronos2-COV-XL,BE_BLOCK_OHT,healthy,1.9401241134751774,0.7132452180115043,1.0221631205673758,0.3022197693694909
Chronos2-COV-XL,BE_BLOCK_RO,dead,0.01148936170212766,0.00783223675167624,0.011631205673758867,0.32661866952051855
Chronos2-COV-XL,CRICKET_GROUND_OHT,degraded,0.008421985815602837,0.008782792392233056,0.01620567375886525,0.4580421324705204
Chronos2-COV-XL,F_BLOCK,healthy,0.7098226950354609,0.36411269521036893,0.6092021276595744,0.40231217410678977
Chronos2-COV-XL,GJBC_BLOCK_1_A1_BOYS,degraded,0.15852836879432625,0.07752087333523636,0.10400709219858156,0.25465781518797637
Chronos2-COV-XL,GJBC_BLOCK_1_A2_GIRLS,healthy,0.1647340425531915,0.07401619006555976,0.1023936170212766,0.2771405853337541
Chronos2-COV-XL,GJBC_BLOCK_1_A3,healthy,0.1895390070921986,0.09825621023298578,0.13134751773049644,0.25193706032122043
Chronos2-COV-XL,GJBC_BLOCK_1_A4_RO,degraded,0.00400709219858156,0.004030817366231577,0.005602836879432625,0.2805756346346173
Chronos2-COV-XL,GJBC_BLOCK_2_A1,healthy,0.4049468085106383,0.11824038073526205,0.20960992907801418,0.43590276827366103
Chronos2-COV-XL,GJBC_LAW_BLOCK_3_A4_BOYS,healthy,1.280709219858156,0.5843954079286426,0.9025886524822695,0.3525340626414284
Chronos2-COV-XL,GJBC_LAW_BLOCK_3__A1,healthy,0.6260071301247772,0.371828896318315,0.5237433155080213,0.29005509892255554
Chronos2-COV-XL,GJBC_LAW_BLOCK_3__A2,healthy,0.4324468085106383,0.1750035196965468,0.2426595744680851,0.27881057205281023
Chronos2-COV-XL,GJBC_LAW_BLOCK_3__A3_GIRLS,healthy,0.3408333333333333,0.14837360788427348,0.18388297872340426,0.19310852524606847
Chronos2-COV-XL,G_BLOCK,healthy,1.0315248226950353,0.3485379506552473,0.5320390070921985,0.34490150908268247
Chronos2-COV-XL,I&H_BLOCK,degraded,0.314113475177305,0.31437597121858424,0.5689007092198581,0.44739747002654895
Chronos2-COV-XL,INFORMATION_CENTRE,dead,0.01730496453900709,0.01761829712160645,0.03664893617021276,0.5192685255642941
Chronos2-COV-XL,IT_BLOCK,degraded,0.09443262411347518,0.06329048471604573,0.09551418439716311,0.3373708301494376
Chronos2-COV-XL,ME_WORKSHOP_BLOCK,degraded,0.037429078014184394,0.026582892806341886,0.0376241134751773,0.29346128450627595
Chronos2-COV-XL,MM_BLOCK,healthy,1.1443617021276595,0.23742966966003393,0.32232269503546096,0.2633789884577856
Chronos2-COV-XL,MRD_BLOCK,healthy,1.388758865248227,0.7341628942295169,1.0859397163120568,0.32393770740534644
Chronos2-COV-XL,NBX,healthy,0.8031729055258466,0.3514910843750585,0.4968805704099822,0.29260449028015134
Chronos2-COV-XL,NEW_BLOCK,healthy,0.1748936170212766,0.03590435240919708,0.05079787234042553,0.2931918059760156
Chronos2-COV-XL,NEW_BLOCK_RO,dead,0.0003900709219858156,0.0004355678779522208,0.0006205673758865249,0.2981134766712785
Chronos2-COV-XL,TECH_PARK,healthy,0.40037234042553194,0.1749718783552765,0.3348581560283688,0.4774746405147944
Chronos2-COV,BE_BLOCK_OHT,healthy,1.9401241134751774,0.7193086964061074,1.0221631205673758,0.2962877627527414
Chronos2-COV,BE_BLOCK_RO,dead,0.01148936170212766,0.007753883293823253,0.011631205673758867,0.3333551558359278
Chronos2-COV,CRICKET_GROUND_OHT,degraded,0.008421985815602837,0.008818475828433396,0.01620567375886525,0.4558402224030158
Chronos2-COV,F_BLOCK,healthy,0.7098226950354609,0.3636081043033735,0.6092021276595744,0.4031404556968984
Chronos2-COV,GJBC_BLOCK_1_A1_BOYS,degraded,0.15852836879432625,0.07762857984355157,0.10400709219858156,0.25362224630475483
Chronos2-COV,GJBC_BLOCK_1_A2_GIRLS,healthy,0.1647340425531915,0.0740926312470267,0.1023936170212766,0.27639404288618086
Chronos2-COV,GJBC_BLOCK_1_A3,healthy,0.1895390070921986,0.0995140792313197,0.13134751773049644,0.24236041189977975
Chronos2-COV,GJBC_BLOCK_1_A4_RO,degraded,0.00400709219858156,0.004031621556669632,0.005602836879432625,0.2804321019108632
Chronos2-COV,GJBC_BLOCK_2_A1,healthy,0.4049468085106383,0.11700584341976661,0.20960992907801418,0.44179245737820705
Chronos2-COV,GJBC_LAW_BLOCK_3_A4_BOYS,healthy,1.280709219858156,0.5836043287845368,0.9025886524822695,0.3534105185351849
Chronos2-COV,GJBC_LAW_BLOCK_3__A1,healthy,0.6260071301247772,0.37199725410730017,0.5237433155080213,0.2897336479674787
Chronos2-COV,GJBC_LAW_BLOCK_3__A2,healthy,0.4324468085106383,0.17616794210799197,0.2426595744680851,0.2740119878057323
Chronos2-COV,GJBC_LAW_BLOCK_3__A3_GIRLS,healthy,0.3408333333333333,0.14686485385535455,0.18388297872340426,0.2013134936416935
Chronos2-COV,G_BLOCK,healthy,1.0315248226950353,0.34633434815821074,0.5320390070921985,0.3490433153556475
Chronos2-COV,I&H_BLOCK,degraded,0.314113475177305,0.3148487008389429,0.5689007092198581,0.44656651725623697
Chronos2-COV,INFORMATION_CENTRE,dead,0.01730496453900709,0.017626098628347436,0.03664893617021276,0.5190556542627984
Chronos2-COV,IT_BLOCK,degraded,0.09443262411347518,0.06403854311173056,0.09551418439716311,0.3295389211988855
Chronos2-COV,ME_WORKSHOP_BLOCK,degraded,0.037429078014184394,0.02655879474145935,0.0376241134751773,0.29410177972747054
Chronos2-COV,MM_BLOCK,healthy,1.1443617021276595,0.23820447440265766,0.32232269503546096,0.26097517155454686
Chronos2-COV,MRD_BLOCK,healthy,1.388758865248227,0.7322573784606676,1.0859397163120568,0.32569242338103654
Chronos2-COV,NBX,healthy,0.8031729055258466,0.3503840623118661,0.4968805704099822,0.2948324342351323
Chronos2-COV,NEW_BLOCK,healthy,0.1748936170212766,0.035575288402061936,0.05079787234042553,0.2996697152264247
Chronos2-COV,NEW_BLOCK_RO,dead,0.0003900709219858156,0.00046349422393345235,0.0006205673758865249,0.25311216486152255
Chronos2-COV,TECH_PARK,healthy,0.40037234042553194,0.17560143415069748,0.3348581560283688,0.475594573435384
Chronos2-ZS,BE_BLOCK_OHT,healthy,1.9401241134751774,0.7158426820851387,1.0221631205673758,0.29967862498522424
Chronos2-ZS,BE_BLOCK_RO,dead,0.01148936170212766,0.007343089366199595,0.011631205673758867,0.3686734142474739
Chronos2-ZS,CRICKET_GROUND_OHT,degraded,0.008421985815602837,0.00876041615864011,0.01620567375886525,0.45942289786947244
Chronos2-ZS,F_BLOCK,healthy,0.7098226950354609,0.36848560937541597,0.6092021276595744,0.39513407349534435
Chronos2-ZS,GJBC_BLOCK_1_A1_BOYS,degraded,0.15852836879432625,0.07782898326767675,0.10400709219858156,0.25169542170184656
Chronos2-ZS,GJBC_BLOCK_1_A2_GIRLS,healthy,0.1647340425531915,0.0732540366576707,0.1023936170212766,0.28458395368093026
Chronos2-ZS,GJBC_BLOCK_1_A3,healthy,0.1895390070921986,0.09871806556134359,0.13134751773049644,0.24842077515391747
Chronos2-ZS,GJBC_BLOCK_1_A4_RO,degraded,0.00400709219858156,0.004039280416971529,0.005602836879432625,0.27906514076837285
Chronos2-ZS,GJBC_BLOCK_2_A1,healthy,0.4049468085106383,0.11780056795541277,0.20960992907801418,0.4380010122918897
Chronos2-ZS,GJBC_LAW_BLOCK_3_A4_BOYS,healthy,1.280709219858156,0.5939409305736528,0.9025886524822695,0.3419583450997128
Chronos2-ZS,GJBC_LAW_BLOCK_3__A1,healthy,0.6260071301247772,0.37538781821621503,0.5237433155080213,0.28325993458819465
Chronos2-ZS,GJBC_LAW_BLOCK_3__A2,healthy,0.4324468085106383,0.1704784379698706,0.2426595744680851,0.29745843186462784
Chronos2-ZS,GJBC_LAW_BLOCK_3__A3_GIRLS,healthy,0.3408333333333333,0.14454703821886516,0.18388297872340426,0.21391833424510698
Chronos2-ZS,G_BLOCK,healthy,1.0315248226950353,0.34944220378043805,0.5320390070921985,0.34320190978049425
Chronos2-ZS,I&H_BLOCK,degraded,0.314113475177305,0.3164233963910147,0.5689007092198581,0.44379855524361933
Chronos2-ZS,INFORMATION_CENTRE,dead,0.01730496453900709,0.01763200384591118,0.03664893617021276,0.5188945249591723
Chronos2-ZS,IT_BLOCK,degraded,0.09443262411347518,0.06232919397136421,0.09551418439716311,0.34743520698256136
Chronos2-ZS,ME_WORKSHOP_BLOCK,degraded,0.037429078014184394,0.026408967028589962,0.0376241134751773,0.2980840054606626
Chronos2-ZS,MM_BLOCK,healthy,1.1443617021276595,0.23676923800022043,0.32232269503546096,0.2654279650579001
Chronos2-ZS,MRD_BLOCK,healthy,1.388758865248227,0.7403120932088676,1.0859397163120568,0.31827514724018924
Chronos2-ZS,NBX,healthy,0.8031729055258466,0.35515430495488237,0.4968805704099822,0.2852320535257793
Chronos2-ZS,NEW_BLOCK,healthy,0.1748936170212766,0.03583980695998415,0.05079787234042553,0.2944624389029298
Chronos2-ZS,NEW_BLOCK_RO,dead,0.0003900709219858156,0.00046893362968529294,0.0006205673758865249,0.24434695102141368
Chronos2-ZS,TECH_PARK,healthy,0.40037234042553194,0.18035242630129164,0.3348581560283688,0.4614064998733004
PatchTST-Tuned,BE_BLOCK_OHT,healthy,1.9401241134751774,0.7723444922088731,1.0221631205673758,0.2444019191573209
PatchTST-Tuned,BE_BLOCK_RO,dead,0.01148936170212766,0.010914278969736924,0.011631205673758867,0.061638210528715764
PatchTST-Tuned,CRICKET_GROUND_OHT,degraded,0.008421985815602837,0.008676914414880927,0.01620567375886525,0.4645755218826211
PatchTST-Tuned,F_BLOCK,healthy,0.7098226950354609,0.48167152341481645,0.6092021276595744,0.20934037892267965
PatchTST-Tuned,GJBC_BLOCK_1_A1_BOYS,degraded,0.15852836879432625,0.08292749704106163,0.10400709219858156,0.2026745937409008
PatchTST-Tuned,GJBC_BLOCK_1_A2_GIRLS,healthy,0.1647340425531915,0.08047121577625367,0.1023936170212766,0.21409929527606808
PatchTST-Tuned,GJBC_BLOCK_1_A3,healthy,0.1895390070921986,0.10345157232294057,0.13134751773049644,0.2123827377141133
PatchTST-Tuned,GJBC_BLOCK_1_A4_RO,degraded,0.00400709219858156,0.004095422477790282,0.005602836879432625,0.2690448489007219
PatchTST-Tuned,GJBC_BLOCK_2_A1,healthy,0.4049468085106383,0.293003472738787,0.20960992907801418,-0.39785111338754775
PatchTST-Tuned,GJBC_LAW_BLOCK_3_A4_BOYS,healthy,1.280709219858156,0.7897681605593955,0.9025886524822695,0.12499657691529675
PatchTST-Tuned,GJBC_LAW_BLOCK_3__A1,healthy,0.6260071301247772,0.39212560347907255,0.5237433155080213,0.2513019414888036
PatchTST-Tuned,GJBC_LAW_BLOCK_3__A2,healthy,0.4324468085106383,0.2408256249277727,0.2426595744680851,0.0075577052516161425
PatchTST-Tuned,GJBC_LAW_BLOCK_3__A3_GIRLS,healthy,0.3408333333333333,0.15435478532462255,0.18388297872340426,0.1605814393685554
PatchTST-Tuned,G_BLOCK,healthy,1.0315248226950353,0.4016896840190211,0.5320390070921985,0.2449995608133838
PatchTST-Tuned,I&H_BLOCK,degraded,0.314113475177305,0.32195611818970993,0.5689007092198581,0.43407326977810756
PatchTST-Tuned,INFORMATION_CENTRE,dead,0.01730496453900709,0.017481560442183134,0.03664893617021276,0.522999511882376
PatchTST-Tuned,IT_BLOCK,degraded,0.09443262411347518,0.07885465252503805,0.09551418439716311,0.1744194537939212
PatchTST-Tuned,ME_WORKSHOP_BLOCK,degraded,0.037429078014184394,0.03153502584927127,0.0376241134751773,0.1618400292653629
PatchTST-Tuned,MM_BLOCK,healthy,1.1443617021276595,0.33971013989008914,0.32232269503546096,-0.05394421529242699
PatchTST-Tuned,MRD_BLOCK,healthy,1.388758865248227,0.8885682259848777,1.0859397163120568,0.1817517928135729
PatchTST-Tuned,NBX,healthy,0.8031729055258466,0.4367727539097349,0.4968805704099822,0.12097034997897294
PatchTST-Tuned,NEW_BLOCK,healthy,0.1748936170212766,0.06370792361967108,0.05079787234042553,-0.25414551209404856
PatchTST-Tuned,NEW_BLOCK_RO,dead,0.0003900709219858156,0.000392295255882626,0.0006205673758865249,0.3678442162348542
PatchTST-Tuned,TECH_PARK,healthy,0.40037234042553194,0.24919756743158641,0.3348581560283688,0.25581156395523286
PatchTST,BE_BLOCK_OHT,healthy,1.9401241134751774,0.8362022859154018,1.0221631205673758,0.18192872635509683
PatchTST,BE_BLOCK_RO,dead,0.01148936170212766,0.010805802921100999,0.011631205673758867,0.07096450495412154
PatchTST,CRICKET_GROUND_OHT,degraded,0.008421985815602837,0.008901984357935249,0.01620567375886525,0.45068717966351424
PatchTST,F_BLOCK,healthy,0.7098226950354609,0.5592855673330895,0.6092021276595744,0.08193760011681783
PatchTST,GJBC_BLOCK_1_A1_BOYS,degraded,0.15852836879432625,0.08798555631058436,0.10400709219858156,0.15404272486925374
PatchTST,GJBC_BLOCK_1_A2_GIRLS,healthy,0.1647340425531915,0.08719497063719,0.1023936170212766,0.14843353351731325
PatchTST,GJBC_BLOCK_1_A3,healthy,0.1895390070921986,0.10920808463020527,0.13134751773049644,0.16855615913288635
PatchTST,GJBC_BLOCK_1_A4_RO,degraded,0.00400709219858156,0.004299331218824991,0.005602836879432625,0.23265101031098268
PatchTST,GJBC_BLOCK_2_A1,healthy,0.4049468085106383,0.328354551374833,0.20960992907801418,-0.5665028504094554
PatchTST,GJBC_LAW_BLOCK_3_A4_BOYS,healthy,1.280709219858156,0.8721083587873066,0.9025886524822695,0.03376986139936167
PatchTST,GJBC_LAW_BLOCK_3__A1,healthy,0.6260071301247772,0.4185103166523039,0.5237433155080213,0.2009247578723622
PatchTST,GJBC_LAW_BLOCK_3__A2,healthy,0.4324468085106383,0.2548835214470506,0.2426595744680851,-0.050374880141287104
PatchTST,GJBC_LAW_BLOCK_3__A3_GIRLS,healthy,0.3408333333333333,0.16672981898465478,0.18388297872340426,0.0932830208529043
PatchTST,G_BLOCK,healthy,1.0315248226950353,0.3842650323873716,0.5320390070921985,0.2777502640501297
PatchTST,I&H_BLOCK,degraded,0.314113475177305,0.3365770680977796,0.5689007092198581,0.408372915267881
PatchTST,INFORMATION_CENTRE,dead,0.01730496453900709,0.017637184207093815,0.03664893617021276,0.518753174029951
PatchTST,IT_BLOCK,degraded,0.09443262411347518,0.08209503626338609,0.09551418439716311,0.14049377292463783
PatchTST,ME_WORKSHOP_BLOCK,degraded,0.037429078014184394,0.031352726114543934,0.0376241134751773,0.16668531910448725
PatchTST,MM_BLOCK,healthy,1.1443617021276595,0.3783649448342357,0.32232269503546096,-0.17387000872715208
PatchTST,MRD_BLOCK,healthy,1.388758865248227,0.9726502658775511,1.0859397163120568,0.1043238853250954
PatchTST,NBX,healthy,0.8031729055258466,0.4673533456763269,0.4968805704099822,0.05942519488997522
PatchTST,NEW_BLOCK,healthy,0.1748936170212766,0.07156178111302937,0.05079787234042553,-0.40875548159680863
PatchTST,NEW_BLOCK_RO,dead,0.0003900709219858156,0.0003915783863893481,0.0006205673758865249,0.3689994002183077
PatchTST,TECH_PARK,healthy,0.40037234042553194,0.2619052040903228,0.3348581560283688,0.21786225189589092
NPTS,BE_BLOCK_OHT,healthy,1.9401241134751774,0.7413829787234042,1.0221631205673758,0.2746921075455334
NPTS,BE_BLOCK_RO,dead,0.01148936170212766,0.010372340425531914,0.011631205673758867,0.10823170731707332
NPTS,CRICKET_GROUND_OHT,degraded,0.008421985815602837,0.008634751773049646,0.01620567375886525,0.46717724288840257
NPTS,F_BLOCK,healthy,0.7098226950354609,0.4344503546099291,0.6092021276595744,0.2868535172734944
NPTS,GJBC_BLOCK_1_A1_BOYS,degraded,0.15852836879432625,0.08143617021276596,0.10400709219858156,0.21701329696556426
NPTS,GJBC_BLOCK_1_A2_GIRLS,healthy,0.1647340425531915,0.07804964539007092,0.1023936170212766,0.23774891774891782
NPTS,GJBC_BLOCK_1_A3,healthy,0.1895390070921986,0.105,0.13134751773049644,0.20059395248380119
NPTS,GJBC_BLOCK_1_A4_RO,degraded,0.00400709219858156,0.00400709219858156,0.005602836879432625,0.28481012658227856
NPTS,GJBC_BLOCK_2_A1,healthy,0.4049468085106383,0.15590425531914895,0.20960992907801418,0.2562172221282354
NPTS,GJBC_LAW_BLOCK_3_A4_BOYS,healthy,1.280709219858156,0.632145390070922,0.9025886524822695,0.2996306918634346
NPTS,GJBC_LAW_BLOCK_3__A1,healthy,0.6260071301247772,0.3953119429590018,0.5237433155080213,0.24521816077870795
NPTS,GJBC_LAW_BLOCK_3__A2,healthy,0.4324468085106383,0.23700354609929075,0.2426595744680851,0.023308490428174844
NPTS,GJBC_LAW_BLOCK_3__A3_GIRLS,healthy,0.3408333333333333,0.17570921985815605,0.18388297872340426,0.04445087262559044
NPTS,G_BLOCK,healthy,1.0315248226950353,0.34569148936170213,0.5320390070921985,0.35025160795814303
NPTS,I&H_BLOCK,degraded,0.314113475177305,0.31398936170212766,0.5689007092198581,0.44807704294707973
NPTS,INFORMATION_CENTRE,dead,0.01730496453900709,0.01730496453900709,0.03664893617021276,0.5278180938558297
NPTS,IT_BLOCK,degraded,0.09443262411347518,0.06868794326241136,0.09551418439716311,0.28086133283831427
NPTS,ME_WORKSHOP_BLOCK,degraded,0.037429078014184394,0.027606382978723403,0.0376241134751773,0.26625824693685196
NPTS,MM_BLOCK,healthy,1.1443617021276595,0.23780141843971633,0.32232269503546096,0.26222564497497103
NPTS,MRD_BLOCK,healthy,1.388758865248227,0.8470035460992907,1.0859397163120568,0.22002710336832831
NPTS,NBX,healthy,0.8031729055258466,0.3468449197860963,0.4968805704099822,0.30195515695067265
NPTS,NEW_BLOCK,healthy,0.1748936170212766,0.037960992907801416,0.05079787234042553,0.2527050610820244
NPTS,NEW_BLOCK_RO,dead,0.0003900709219858156,0.0003900709219858156,0.0006205673758865249,0.37142857142857144
NPTS,TECH_PARK,healthy,0.40037234042553194,0.22379432624113474,0.3348581560283688,0.3316742560626921
ETS,BE_BLOCK_OHT,healthy,1.9401241134751774,0.8056714725253983,1.0221631205673758,0.21179755333161376
ETS,BE_BLOCK_RO,dead,0.01148936170212766,0.01202467428348262,0.011631205673758867,-0.03382870364088375
ETS,CRICKET_GROUND_OHT,degraded,0.008421985815602837,0.01220139276821011,0.01620567375886525,0.24709129964217702
ETS,F_BLOCK,healthy,0.7098226950354609,0.49598554400459516,0.6092021276595744,0.1858440384801895
ETS,GJBC_BLOCK_1_A1_BOYS,degraded,0.15852836879432625,0.09357271200937478,0.10400709219858156,0.10032373724365196
ETS,GJBC_BLOCK_1_A2_GIRLS,healthy,0.1647340425531915,0.08043882523202953,0.1023936170212766,0.21441562890277654
ETS,GJBC_BLOCK_1_A3,healthy,0.1895390070921986,0.10300717494001865,0.13134751773049644,0.2157661087180004
ETS,GJBC_BLOCK_1_A4_RO,degraded,0.00400709219858156,0.00547461874052296,0.005602836879432625,0.022884503273750245
ETS,GJBC_BLOCK_2_A1,healthy,0.4049468085106383,0.19488825300384705,0.20960992907801418,0.07023367709211858
ETS,GJBC_LAW_BLOCK_3_A4_BOYS,healthy,1.280709219858156,0.6702866223294193,0.9025886524822695,0.25737308962834937
ETS,GJBC_LAW_BLOCK_3__A1,healthy,0.6260071301247772,0.5181521575589096,0.5237433155080213,0.01067537815482833
ETS,GJBC_LAW_BLOCK_3__A2,healthy,0.4324468085106383,0.22782328342247796,0.2426595744680851,0.061140348894654584
ETS,GJBC_LAW_BLOCK_3__A3_GIRLS,healthy,0.3408333333333333,0.18781083146534303,0.18388297872340426,-0.021360610803716762
ETS,G_BLOCK,healthy,1.0315248226950353,0.4108199488619947,0.5320390070921985,0.22783866711712264
ETS,I&H_BLOCK,degraded,0.314113475177305,0.5819254878634651,0.5689007092198581,-0.02289464300627797
ETS,INFORMATION_CENTRE,dead,0.01730496453900709,0.04106296474992321,0.03664893617021276,-0.1204408378788917
ETS,IT_BLOCK,degraded,0.09443262411347518,0.07863093311054815,0.09551418439716311,0.17676171757287606
ETS,ME_WORKSHOP_BLOCK,degraded,0.037429078014184394,0.03535144566436443,0.0376241134751773,0.06040455444384829
ETS,MM_BLOCK,healthy,1.1443617021276595,0.24708966297367413,0.32232269503546096,0.23340904385746064
ETS,MRD_BLOCK,healthy,1.388758865248227,0.8844351798133953,1.0859397163120568,0.18555775562108368
ETS,NBX,healthy,0.8031729055258466,0.43392689598935963,0.4968805704099822,0.12669779856491215
ETS,NEW_BLOCK,healthy,0.1748936170212766,0.04100698241552932,0.05079787234042553,0.19274212627020815
ETS,NEW_BLOCK_RO,dead,0.0003900709219858156,0.0012717762911773982,0.0006205673758865249,-1.0493766520687218
ETS,TECH_PARK,healthy,0.40037234042553194,0.281263555512186,0.3348581560283688,0.16005165038190783
Theta,BE_BLOCK_OHT,healthy,1.9401241134751774,0.874306320206089,1.0221631205673758,0.14465088534911663
Theta,BE_BLOCK_RO,dead,0.01148936170212766,0.010793550972243719,0.011631205673758867,0.07201787372782675
Theta,CRICKET_GROUND_OHT,degraded,0.008421985815602837,0.012104226810069247,0.01620567375886525,0.25308709837209464
Theta,F_BLOCK,healthy,0.7098226950354609,0.5398108533353642,0.6092021276595744,0.11390517395399913
Theta,GJBC_BLOCK_1_A1_BOYS,degraded,0.15852836879432625,0.09329428482228473,0.10400709219858156,0.10300073917885122
Theta,GJBC_BLOCK_1_A2_GIRLS,healthy,0.1647340425531915,0.0886162809618194,0.1023936170212766,0.13455268463262104
Theta,GJBC_BLOCK_1_A3,healthy,0.1895390070921986,0.10392183089210405,0.13134751773049644,0.20880247538948848
Theta,GJBC_BLOCK_1_A4_RO,degraded,0.00400709219858156,0.005135403927862282,0.005602836879432625,0.0834279065460991
Theta,GJBC_BLOCK_2_A1,healthy,0.4049468085106383,0.20848900383172028,0.20960992907801418,0.005347672465824349
Theta,GJBC_LAW_BLOCK_3_A4_BOYS,healthy,1.280709219858156,0.7142079533278192,0.9025886524822695,0.20871157490887127
Theta,GJBC_LAW_BLOCK_3__A1,healthy,0.6260071301247772,0.5223311054322345,0.5237433155080213,0.002696378233327912
Theta,GJBC_LAW_BLOCK_3__A2,healthy,0.4324468085106383,0.24497017389527864,0.2426595744680851,-0.00952197922648823
Theta,GJBC_LAW_BLOCK_3__A3_GIRLS,healthy,0.3408333333333333,0.1769357438217832,0.18388297872340426,0.03778073941292326
Theta,G_BLOCK,healthy,1.0315248226950353,0.4538211650241389,0.5320390070921985,0.1470152395320613
Theta,I&H_BLOCK,degraded,0.314113475177305,0.6048482300264103,0.5689007092198581,-0.06318768850868106
Theta,INFORMATION_CENTRE,dead,0.01730496453900709,0.037532045256200894,0.03664893617021276,-0.024096445307078218
Theta,IT_BLOCK,degraded,0.09443262411347518,0.08042939276939948,0.09551418439716311,0.15793247592460902
Theta,ME_WORKSHOP_BLOCK,degraded,0.037429078014184394,0.0425069308385199,0.0376241134751773,-0.1297789346336109
Theta,MM_BLOCK,healthy,1.1443617021276595,0.2618968701086809,0.32232269503546096,0.18746996676772076
Theta,MRD_BLOCK,healthy,1.388758865248227,0.8459037986506778,1.0859397163120568,0.22103981837643927
Theta,NBX,healthy,0.8031729055258466,0.4394879983458229,0.4968805704099822,0.11550576835154569
Theta,NEW_BLOCK,healthy,0.1748936170212766,0.04362266318278432,0.05079787234042553,0.1412501907472824
Theta,NEW_BLOCK_RO,dead,0.0003900709219858156,0.0006534711027293496,0.0006205673758865249,-0.05302200554100911
Theta,TECH_PARK,healthy,0.40037234042553194,0.3094297500824087,0.3348581560283688,0.07593784260045278
DynamicOptimizedTheta,BE_BLOCK_OHT,healthy,1.9401241134751774,0.8741482485428319,1.0221631205673758,0.14480552961291027
DynamicOptimizedTheta,BE_BLOCK_RO,dead,0.01148936170212766,0.010831467148099789,0.011631205673758867,0.06875800738898175
DynamicOptimizedTheta,CRICKET_GROUND_OHT,degraded,0.008421985815602837,0.012268884717645593,0.01620567375886525,0.24292658853915594
DynamicOptimizedTheta,F_BLOCK,healthy,0.7098226950354609,0.5397107485894376,0.6092021276595744,0.1140694950247596
DynamicOptimizedTheta,GJBC_BLOCK_1_A1_BOYS,degraded,0.15852836879432625,0.09327917340511198,0.10400709219858156,0.10314603135896427
DynamicOptimizedTheta,GJBC_BLOCK_1_A2_GIRLS,healthy,0.1647340425531915,0.08867037693573242,0.1023936170212766,0.13402437070557438
DynamicOptimizedTheta,GJBC_BLOCK_1_A3,healthy,0.1895390070921986,0.1063073096581369,0.13134751773049644,0.19064089299150622
DynamicOptimizedTheta,GJBC_BLOCK_1_A4_RO,degraded,0.00400709219858156,0.005129362758153271,0.005602836879432625,0.08450614063340356
DynamicOptimizedTheta,GJBC_BLOCK_2_A1,healthy,0.4049468085106383,0.20849698778439774,0.20960992907801418,0.005309582892908726
DynamicOptimizedTheta,GJBC_LAW_BLOCK_3_A4_BOYS,healthy,1.280709219858156,0.7190433759644657,0.9025886524822695,0.2033542921385325
DynamicOptimizedTheta,GJBC_LAW_BLOCK_3__A1,healthy,0.6260071301247772,0.5219941017038756,0.5237433155080213,0.0033398303183096445
DynamicOptimizedTheta,GJBC_LAW_BLOCK_3__A2,healthy,0.4324468085106383,0.24482780119484665,0.2426595744680851,-0.008935261390424776
DynamicOptimizedTheta,GJBC_LAW_BLOCK_3__A3_GIRLS,healthy,0.3408333333333333,0.17691607854208835,0.18388297872340426,0.037887683948145456
DynamicOptimizedTheta,G_BLOCK,healthy,1.0315248226950353,0.4667970243736794,0.5320390070921985,0.12262631470405161
DynamicOptimizedTheta,I&H_BLOCK,degraded,0.314113475177305,0.6044972237110366,0.5689007092198581,-0.06257069803972048
DynamicOptimizedTheta,INFORMATION_CENTRE,dead,0.01730496453900709,0.03741478379856273,0.03664893617021276,-0.020896858364266135
DynamicOptimizedTheta,IT_BLOCK,degraded,0.09443262411347518,0.08038171353056608,0.09551418439716311,0.15843166082718996
DynamicOptimizedTheta,ME_WORKSHOP_BLOCK,degraded,0.037429078014184394,0.04250499374614555,0.0376241134751773,-0.1297274492377989
DynamicOptimizedTheta,MM_BLOCK,healthy,1.1443617021276595,0.2618978198727635,0.32232269503546096,0.1874670201428097
DynamicOptimizedTheta,MRD_BLOCK,healthy,1.388758865248227,0.8457304813527387,1.0859397163120568,0.2211994195912541
DynamicOptimizedTheta,NBX,healthy,0.8031729055258466,0.4392347951154952,0.4968805704099822,0.11601535404558638
DynamicOptimizedTheta,NEW_BLOCK,healthy,0.1748936170212766,0.04361903052293686,0.05079787234042553,0.14132170279454137
DynamicOptimizedTheta,NEW_BLOCK_RO,dead,0.0003900709219858156,0.0006543444547567058,0.0006205673758865249,-0.05442934995080573
DynamicOptimizedTheta,TECH_PARK,healthy,0.40037234042553194,0.3094111454386841,0.3348581560283688,0.07599340237521013
