model_a,model_b,horizon,a_wins,cells,a_win_pct
Chronos2-ZS,Chronos2-COV-XL,all,55,144,38.19444444444444
Chronos2-ZS,Chronos2-COV,all,62,144,43.05555555555556
Chronos2-ZS,Chronos2-COV-LEAN,all,66,144,45.833333333333336
Chronos2-ZS,NPTS,all,101,144,70.13888888888889
Chronos2-ZS,PatchTST-Tuned,all,120,144,83.33333333333333
Chronos2-ZS,PatchTST,all,128,144,88.88888888888889
Chronos2-ZS,ETS,all,144,144,100.0
Chronos2-ZS,Theta,all,144,144,100.0
Chronos2-ZS,DynamicOptimizedTheta,all,144,144,100.0
Chronos2-ZS,SeasonalNaive,all,144,144,100.0
Chronos2-COV-XL,Chronos2-ZS,all,89,144,61.80555555555556
Chronos2-COV-XL,Chronos2-COV,all,78,144,54.166666666666664
Chronos2-COV-XL,Chronos2-COV-LEAN,all,86,144,59.72222222222222
Chronos2-COV-XL,NPTS,all,101,144,70.13888888888889
Chronos2-COV-XL,PatchTST-Tuned,all,123,144,85.41666666666667
Chronos2-COV-XL,PatchTST,all,128,144,88.88888888888889
Chronos2-COV-XL,ETS,all,144,144,100.0
Chronos2-COV-XL,Theta,all,144,144,100.0
Chronos2-COV-XL,DynamicOptimizedTheta,all,144,144,100.0
Chronos2-COV-XL,SeasonalNaive,all,144,144,100.0
Chronos2-COV,Chronos2-ZS,all,82,144,56.94444444444444
Chronos2-COV,Chronos2-COV-XL,all,66,144,45.833333333333336
Chronos2-COV,Chronos2-COV-LEAN,all,87,144,60.416666666666664
Chronos2-COV,NPTS,all,98,144,68.05555555555556
Chronos2-COV,PatchTST-Tuned,all,122,144,84.72222222222223
Chronos2-COV,PatchTST,all,127,144,88.19444444444444
Chronos2-COV,ETS,all,144,144,100.0
Chronos2-COV,Theta,all,144,144,100.0
Chronos2-COV,DynamicOptimizedTheta,all,144,144,100.0
Chronos2-COV,SeasonalNaive,all,144,144,100.0
Chronos2-COV-LEAN,Chronos2-ZS,all,78,144,54.166666666666664
Chronos2-COV-LEAN,Chronos2-COV-XL,all,58,144,40.27777777777778
Chronos2-COV-LEAN,Chronos2-COV,all,57,144,39.583333333333336
Chronos2-COV-LEAN,NPTS,all,102,144,70.83333333333333
Chronos2-COV-LEAN,PatchTST-Tuned,all,122,144,84.72222222222223
Chronos2-COV-LEAN,PatchTST,all,126,144,87.5
Chronos2-COV-LEAN,ETS,all,144,144,100.0
Chronos2-COV-LEAN,Theta,all,144,144,100.0
Chronos2-COV-LEAN,DynamicOptimizedTheta,all,144,144,100.0
Chronos2-COV-LEAN,SeasonalNaive,all,144,144,100.0
NPTS,Chronos2-ZS,all,43,144,29.86111111111111
NPTS,Chronos2-COV-XL,all,43,144,29.86111111111111
NPTS,Chronos2-COV,all,46,144,31.944444444444443
NPTS,Chronos2-COV-LEAN,all,42,144,29.166666666666668
NPTS,PatchTST-Tuned,all,118,144,81.94444444444444
NPTS,PatchTST,all,132,144,91.66666666666667
NPTS,ETS,all,130,144,90.27777777777777
NPTS,Theta,all,135,144,93.75
NPTS,DynamicOptimizedTheta,all,137,144,95.13888888888889
NPTS,SeasonalNaive,all,137,144,95.13888888888889
PatchTST-Tuned,Chronos2-ZS,all,24,144,16.666666666666668
PatchTST-Tuned,Chronos2-COV-XL,all,21,144,14.583333333333334
PatchTST-Tuned,Chronos2-COV,all,22,144,15.277777777777779
PatchTST-Tuned,Chronos2-COV-LEAN,all,22,144,15.277777777777779
PatchTST-Tuned,NPTS,all,25,144,17.36111111111111
PatchTST-Tuned,PatchTST,all,129,144,89.58333333333333
PatchTST-Tuned,ETS,all,97,144,67.36111111111111
PatchTST-Tuned,Theta,all,111,144,77.08333333333333
PatchTST-Tuned,DynamicOptimizedTheta,all,112,144,77.77777777777777
PatchTST-Tuned,SeasonalNaive,all,125,144,86.80555555555556
PatchTST,Chronos2-ZS,all,16,144,11.11111111111111
PatchTST,Chronos2-COV-XL,all,16,144,11.11111111111111
PatchTST,Chronos2-COV,all,17,144,11.805555555555555
PatchTST,Chronos2-COV-LEAN,all,18,144,12.5
PatchTST,NPTS,all,12,144,8.333333333333334
PatchTST,PatchTST-Tuned,all,15,144,10.416666666666666
PatchTST,ETS,all,71,144,49.30555555555556
PatchTST,Theta,all,84,144,58.333333333333336
PatchTST,DynamicOptimizedTheta,all,84,144,58.333333333333336
PatchTST,SeasonalNaive,all,115,144,79.86111111111111
ETS,Chronos2-ZS,all,0,144,0.0
ETS,Chronos2-COV-XL,all,0,144,0.0
ETS,Chronos2-COV,all,0,144,0.0
ETS,Chronos2-COV-LEAN,all,0,144,0.0
ETS,NPTS,all,14,144,9.722222222222221
ETS,PatchTST-Tuned,all,47,144,32.638888888888886
ETS,PatchTST,all,73,144,50.69444444444444
ETS,Theta,all,100,144,69.44444444444444
ETS,DynamicOptimizedTheta,all,102,144,70.83333333333333
ETS,SeasonalNaive,all,116,144,80.55555555555556
Theta,Chronos2-ZS,all,0,144,0.0
Theta,Chronos2-COV-XL,all,0,144,0.0
Theta,Chronos2-COV,all,0,144,0.0
Theta,Chronos2-COV-LEAN,all,0,144,0.0
Theta,NPTS,all,9,144,6.25
Theta,PatchTST-Tuned,all,33,144,22.916666666666668
Theta,PatchTST,all,60,144,41.666666666666664
Theta,ETS,all,44,144,30.555555555555557
Theta,DynamicOptimizedTheta,all,49,144,34.02777777777778
Theta,SeasonalNaive,all,108,144,75.0
DynamicOptimizedTheta,Chronos2-ZS,all,0,144,0.0
DynamicOptimizedTheta,Chronos2-COV-XL,all,0,144,0.0
DynamicOptimizedTheta,Chronos2-COV,all,0,144,0.0
DynamicOptimizedTheta,Chronos2-COV-LEAN,all,0,144,0.0
DynamicOptimizedTheta,NPTS,all,7,144,4.861111111111111
DynamicOptimizedTheta,PatchTST-Tuned,all,32,144,22.22222222222222
DynamicOptimizedTheta,PatchTST,all,60,144,41.666666666666664
DynamicOptimizedTheta,ETS,all,42,144,29.166666666666668
DynamicOptimizedTheta,Theta,all,95,144,65.97222222222223
DynamicOptimizedTheta,SeasonalNaive,all,108,144,75.0
SeasonalNaive,Chronos2-ZS,all,0,144,0.0
SeasonalNaive,Chronos2-COV-XL,all,0,144,0.0
SeasonalNaive,Chronos2-COV,all,0,144,0.0
SeasonalNaive,Chronos2-COV-LEAN,all,0,144,0.0
SeasonalNaive,NPTS,all,7,144,4.861111111111111
SeasonalNaive,PatchTST-Tuned,all,19,144,13.194444444444445
SeasonalNaive,PatchTST,all,29,144,20.13888888888889
SeasonalNaive,ETS,all,28,144,19.444444444444443
SeasonalNaive,Theta,all,36,144,25.0
SeasonalNaive,DynamicOptimizedTheta,all,36,144,25.0
