model,item_id,n,q_lo,q_hi,fitted
Chronos2-ZS,BE_BLOCK_OHT,1353,0.0842144591952526,-0.321088571612705,True
Chronos2-ZS,BE_BLOCK_RO,1339,0.00018429841576359706,-0.004392816210144764,True
Chronos2-ZS,CRICKET_GROUND_OHT,1357,0.0015873059125269882,-0.008838466641080655,True
Chronos2-ZS,F_BLOCK,1440,0.06781698475335807,-0.10683155101062781,True
Chronos2-ZS,GJBC_BLOCK_1_A1_BOYS,1440,0.0015619707715490323,-0.005150018116120588,True
Chronos2-ZS,GJBC_BLOCK_1_A2_GIRLS,1440,0.0017570173474601017,-0.009163662820459354,True
Chronos2-ZS,GJBC_BLOCK_1_A3,1440,0.0023628048739310356,-0.014546444278374631,True
Chronos2-ZS,GJBC_BLOCK_1_A4_RO,1440,7.23386535052365e-06,-7.632153493533326e-06,True
Chronos2-ZS,GJBC_BLOCK_2_A1,1440,0.010478055693341459,0.0036948882331611756,True
Chronos2-ZS,GJBC_LAW_BLOCK_3_A4_BOYS,1440,0.05238541269505141,-0.011574040624329067,True
Chronos2-ZS,GJBC_LAW_BLOCK_3__A1,1440,-0.018877369987677698,-0.032321557879315,True
Chronos2-ZS,GJBC_LAW_BLOCK_3__A2,1440,0.0,-0.04796677839567985,True
Chronos2-ZS,GJBC_LAW_BLOCK_3__A3_GIRLS,1440,-0.00026581389712047556,-0.04940543050546207,True
Chronos2-ZS,G_BLOCK,1440,0.04919895398430001,0.11974955993454059,True
Chronos2-ZS,I&H_BLOCK,1440,0.003960255699025255,-0.02137849830918845,True
Chronos2-ZS,INFORMATION_CENTRE,1439,0.0,-4.163364641293314e-05,True
Chronos2-ZS,IT_BLOCK,1440,0.0016940889289645137,-0.018771961773107824,True
Chronos2-ZS,ME_WORKSHOP_BLOCK,1092,0.007811093566181898,-0.03803649909384957,True
Chronos2-ZS,MM_BLOCK,1421,-0.009873072958422952,0.026700638252849067,True
Chronos2-ZS,MRD_BLOCK,1440,0.031951174173253966,-0.12076372342866283,True
Chronos2-ZS,NBX,1437,0.0740816859174696,-0.13354606610131026,True
Chronos2-ZS,NEW_BLOCK,1437,0.001799901421768578,0.003765459277488362,True
Chronos2-ZS,NEW_BLOCK_RO,1440,5.734787959631323e-06,-5.501072286683161e-06,True
Chronos2-ZS,TECH_PARK,1440,0.01633351845547846,-0.06534325369827192,True
NPTS,BE_BLOCK_OHT,1353,0.1856491920643428,0.14000765438894355,True
NPTS,BE_BLOCK_RO,1339,0.0,-0.01,True
NPTS,CRICKET_GROUND_OHT,1357,0.0,-0.04,True
NPTS,F_BLOCK,1440,0.01699382576613207,-0.12046882634130647,True
NPTS,GJBC_BLOCK_1_A1_BOYS,1440,0.0,0.018495206766917276,True
NPTS,GJBC_BLOCK_1_A2_GIRLS,1440,0.0,0.021516899461314742,True
NPTS,GJBC_BLOCK_1_A3,1440,0.0,0.029621198390546277,True
NPTS,GJBC_BLOCK_1_A4_RO,1440,0.0,0.0,True
NPTS,GJBC_BLOCK_2_A1,1440,0.0,0.016672100557742764,True
NPTS,GJBC_LAW_BLOCK_3_A4_BOYS,1440,0.0,-0.07063451779833316,True
NPTS,GJBC_LAW_BLOCK_3__A1,1440,-0.03529857250769916,-0.0569942665190324,True
NPTS,GJBC_LAW_BLOCK_3__A2,1440,-0.05206448698998151,0.023842413364303913,True
NPTS,GJBC_LAW_BLOCK_3__A3_GIRLS,1440,0.0,-0.05121487256829065,True
NPTS,G_BLOCK,1440,0.0,0.11022735478656752,True
NPTS,I&H_BLOCK,1440,0.0,-0.020000000000000004,True
NPTS,INFORMATION_CENTRE,1439,0.0,0.0,True
NPTS,IT_BLOCK,1440,0.0,-0.02,True
NPTS,ME_WORKSHOP_BLOCK,1092,0.0,-0.03,True
NPTS,MM_BLOCK,1421,-0.025254253803149607,0.08731569671548375,True
NPTS,MRD_BLOCK,1440,0.0,0.08939449239316892,True
NPTS,NBX,1437,0.03610555366868867,-0.017869095182167026,True
NPTS,NEW_BLOCK,1437,-0.0053292458003090445,-0.0037366033597527604,True
NPTS,NEW_BLOCK_RO,1440,0.0,0.0,True
NPTS,TECH_PARK,1440,-0.00028475027364450333,-0.09605421023224388,True
SeasonalNaive-24,BE_BLOCK_OHT,1353,2.170403721948502,2.1330837620658993,True
SeasonalNaive-24,BE_BLOCK_RO,1339,0.028639180993455537,0.03,True
SeasonalNaive-24,CRICKET_GROUND_OHT,1357,0.048553023696360165,0.06299332559349195,True
SeasonalNaive-24,F_BLOCK,1440,1.1438929829946347,1.251610514280095,True
SeasonalNaive-24,GJBC_BLOCK_1_A1_BOYS,1440,0.18139492478346753,0.17971310401154839,True
SeasonalNaive-24,GJBC_BLOCK_1_A2_GIRLS,1440,0.17216245484756532,0.17946081491114,True
SeasonalNaive-24,GJBC_BLOCK_1_A3,1440,0.24155869302137956,0.22948043565954013,True
SeasonalNaive-24,GJBC_BLOCK_1_A4_RO,1440,0.0,0.0,True
SeasonalNaive-24,GJBC_BLOCK_2_A1,1440,0.3820045935722505,0.37373217844736073,True
SeasonalNaive-24,GJBC_LAW_BLOCK_3_A4_BOYS,1440,1.3358108362055734,1.3726212842945829,True
SeasonalNaive-24,GJBC_LAW_BLOCK_3__A1,1440,0.2403076620767921,0.23994470522234698,True
SeasonalNaive-24,GJBC_LAW_BLOCK_3__A2,1440,0.2578334215250812,0.24,True
SeasonalNaive-24,GJBC_LAW_BLOCK_3__A3_GIRLS,1440,0.3011968298956927,0.2609259273975175,True
SeasonalNaive-24,G_BLOCK,1440,0.9537339708240853,0.9513382480665038,True
SeasonalNaive-24,I&H_BLOCK,1440,0.17568807689595917,0.17,True
SeasonalNaive-24,INFORMATION_CENTRE,1439,0.0,0.0,True
SeasonalNaive-24,IT_BLOCK,1440,0.07033234421364985,0.0771432937685459,True
SeasonalNaive-24,ME_WORKSHOP_BLOCK,1092,0.04815536746617077,0.05,True
SeasonalNaive-24,MM_BLOCK,1421,0.6879442036058836,0.6523781125543593,True
SeasonalNaive-24,MRD_BLOCK,1440,1.5035351746997836,1.4467209949274116,True
SeasonalNaive-24,NBX,1437,0.788610157488946,0.7606543758107415,True
SeasonalNaive-24,NEW_BLOCK,1437,0.11087471114631547,0.10949563300966066,True
SeasonalNaive-24,NEW_BLOCK_RO,1440,0.0,0.0,True
SeasonalNaive-24,TECH_PARK,1440,0.623601358029997,0.691015657455556,True
