model,day,actual_kl,pred_raw_kl,pred_kl,lower_kl,upper_kl,n_scored,n_expected,coverage_pct,error_kl,abs_error_kl,error_raw_kl,inside_band,d_lo,d_hi,band_lo,band_hi,inside_daily_band
Chronos2-ZS,2026-03-09,295.22,240.70810735831037,264.0296504443496,85.14949225969531,511.40138962638287,576,576,100.0,-31.190349555650414,31.190349555650414,-54.511892641689656,True,-21.914552807581387,38.817982005248055,242.1150976367682,302.84763244959765,True
Chronos2-ZS,2026-03-10,311.78,267.8951964963926,295.4833653164634,118.82871472529165,503.913067627664,576,576,100.0,-16.29663468353658,16.29663468353658,-43.88480350360737,True,-21.914552807581387,38.817982005248055,273.568812508882,334.30134732171143,True
Chronos2-ZS,2026-03-11,271.15,274.6088089508994,303.0068572139196,127.42948867881223,504.0814881594635,576,576,100.0,31.856857213919625,31.856857213919625,3.4588089508994244,True,-21.914552807581387,38.817982005248055,281.0923044063382,341.82483921916764,False
Chronos2-ZS,2026-03-12,274.74,258.2306298709591,284.9080697195446,118.97084611802173,478.54565919470247,576,576,100.0,10.168069719544576,10.168069719544576,-16.509370129040917,True,-21.914552807581387,38.817982005248055,262.9935169119632,323.7260517247926,True
Chronos2-ZS,2026-03-13,274.22,261.66209588648053,288.20977756552634,117.49829875851727,479.7015542439976,576,576,100.0,13.98977756552631,13.98977756552631,-12.557904113519498,True,-21.914552807581387,38.817982005248055,266.29522475794494,327.0277595707744,True
Chronos2-ZS,2026-03-14,221.49,219.2964803946379,239.3162408078246,85.48807092365098,415.3826931509678,565,576,98.09027777777777,17.826240807824604,17.826240807824604,-2.1935196053620984,True,-21.914552807581387,38.817982005248055,217.4016880002432,278.13422281307265,True
Chronos2-ZS,2026-03-15,190.99,164.20828447747044,179.01883772687938,56.41255760287376,361.8541479694093,571,576,99.13194444444444,-11.971162273120626,11.971162273120626,-26.781715522529566,True,-21.914552807581387,38.817982005248055,157.10428491929798,217.83681973212742,True
Chronos2-ZS,2026-03-16,203.68,164.95685501446133,185.41539216068253,66.52097725042117,362.39851783601625,382,576,66.31944444444444,-18.264607839317478,18.264607839317478,-38.72314498553868,True,-21.914552807581387,38.817982005248055,163.50083935310113,224.23337416593057,True
Chronos2-ZS,2026-03-17,280.51,258.85421522698016,285.5530185627295,104.58591628096794,538.2672170761417,576,576,100.0,5.0430185627295145,5.0430185627295145,-21.655784773019832,True,-21.914552807581387,38.817982005248055,263.6384657551481,324.37100056797755,True
Chronos2-ZS,2026-03-18,260.75,255.3030505462666,281.75367941964225,114.35236980398699,483.71729618059766,576,576,100.0,21.003679419642253,21.003679419642253,-5.446949453733396,True,-21.914552807581387,38.817982005248055,259.83912661206085,320.5716614248903,True
Chronos2-ZS,2026-03-19,182.49,246.51591284040478,273.8445792826004,101.80104310608455,465.6768455240903,576,576,100.0,91.35457928260041,91.35457928260041,64.02591284040477,True,-21.914552807581387,38.817982005248055,251.93002647501902,312.66256128784846,False
Chronos2-ZS,2026-03-20,281.19,192.1561219211726,214.66785257136303,74.00892013739758,427.2826941975305,576,576,100.0,-66.52214742863697,66.52214742863697,-89.0338780788274,True,-21.914552807581387,38.817982005248055,192.75329976378163,253.48583457661107,False
Chronos2-ZS,2026-03-21,174.28,205.5159614085569,226.68201089708737,76.16154341244086,465.3036349748873,576,576,100.0,52.402010897087365,52.402010897087365,31.235961408556904,True,-21.914552807581387,38.817982005248055,204.76745808950596,265.4999929023354,False
Chronos2-ZS,2026-03-22,220.2,156.83278028835775,169.40459004895857,56.125443143532436,364.2717279374651,576,576,100.0,-50.79540995104142,50.79540995104142,-63.367219711642235,True,-21.914552807581387,38.817982005248055,147.4900372413772,208.22257205420664,False
Chronos2-ZS,2026-03-23,290.4,228.8166493792669,251.17277266166832,85.4921444446156,493.1561287996076,576,576,100.0,-39.22722733833166,39.22722733833166,-61.583350620733086,True,-21.914552807581387,38.817982005248055,229.25821985408692,289.99075466691636,False
Chronos2-ZS,2026-03-24,301.67,248.13055189576698,272.23503311112137,101.05498738995233,484.559357216347,576,576,100.0,-29.434966888878648,29.434966888878648,-53.53944810423303,True,-21.914552807581387,38.817982005248055,250.32048030353997,311.0530151163694,True
Chronos2-ZS,2026-03-25,163.13,141.06128674780484,155.29888750551464,68.4181742407037,268.1339097332136,312,576,54.166666666666664,-7.831112494485353,7.831112494485353,-22.068713252195153,True,-21.914552807581387,38.817982005248055,133.38433469793324,194.11686951076268,True
Chronos2-ZS,2026-03-26,335.5,247.82276919009746,271.8065642052305,97.55804990295667,509.2176092796608,576,576,100.0,-63.69343579476953,63.69343579476953,-87.67723080990254,True,-21.914552807581387,38.817982005248055,249.89201139764907,310.6245462104785,False
Chronos2-ZS,2026-03-27,309.1,264.6651412099309,289.2266517486476,116.13312319277912,524.2028385775398,576,576,100.0,-19.87334825135241,19.87334825135241,-44.43485879006914,True,-21.914552807581387,38.817982005248055,267.3120989410662,328.04463375389565,True
Chronos2-ZS,2026-03-28,283.06,213.80288152131834,232.44600000783777,79.777651797211,449.77137999212727,576,576,100.0,-50.613999992162235,50.613999992162235,-69.25711847868166,True,-21.914552807581387,38.817982005248055,210.53144720025637,271.2639820130858,False
Chronos2-ZS,2026-03-29,207.09,186.69984281656798,201.1027199832509,68.49047088632203,395.02620233683,576,576,100.0,-5.987280016749111,5.987280016749111,-20.390157183432024,True,-21.914552807581387,38.817982005248055,179.1881671756695,239.92070198849893,True
Chronos2-ZS,2026-03-30,299.97,268.5345442460384,292.22630462542725,126.54411732948874,522.8977226365635,576,576,100.0,-7.743695374572781,7.743695374572781,-31.435455753961605,True,-21.914552807581387,38.817982005248055,270.31175181784585,331.0442866306753,True
Chronos2-ZS,2026-03-31,324.68,274.69938412020565,301.3957176875284,139.73942026258973,497.42943617320026,576,576,100.0,-23.28428231247159,23.28428231247159,-49.98061587979436,True,-21.914552807581387,38.817982005248055,279.481164879947,340.21369969277646,True
Chronos2-ZS,2026-04-01,326.9,271.1338016265654,298.0404582146137,128.01533457262894,527.11653062482,576,576,100.0,-28.859541785386284,28.859541785386284,-55.76619837343458,True,-21.914552807581387,38.817982005248055,276.1259054070323,336.85844021986173,True
Chronos2-ZS,2026-04-02,353.5,277.68158218677854,304.91579397811194,115.37728873253319,587.8755823228038,576,576,100.0,-48.584206021888065,48.584206021888065,-75.81841781322146,True,-21.914552807581387,38.817982005248055,283.00124117053053,343.73377598336,False
Chronos2-ZS,2026-04-03,313.99,284.79014573432505,316.79100740893597,119.3469680700785,629.9284475808089,576,576,100.0,2.801007408935959,2.801007408935959,-29.199854265674958,True,-21.914552807581387,38.817982005248055,294.87645460135457,355.608989414184,True
Chronos2-ZS,2026-04-04,235.79,239.64558133884566,259.2582500372578,87.29953084177605,496.6424236451178,576,576,100.0,23.46825003725783,23.46825003725783,3.855581338845667,True,-21.914552807581387,38.817982005248055,237.34369722967642,298.07623204250586,False
Chronos2-ZS,2026-04-05,162.47,169.98916176590137,182.52656503759053,58.817135929153054,385.3366327412515,576,576,100.0,20.05656503759053,20.05656503759053,7.519161765901373,True,-21.914552807581387,38.817982005248055,160.61201223000916,221.3445470428386,True
Chronos2-ZS,2026-04-06,254.05,248.8427887778962,273.035916775337,103.57556544093595,482.00374509092023,573,576,99.47916666666667,18.98591677533699,18.98591677533699,-5.207211222103808,True,-21.914552807581387,38.817982005248055,251.1213639677556,311.85389878058504,True
Chronos2-ZS,2026-04-07,249.98,260.692205040541,287.0654393619804,114.34481582135241,497.8487288198044,576,576,100.0,37.085439361980406,37.085439361980406,10.712205040541022,True,-21.914552807581387,38.817982005248055,265.150886554399,325.88342136722844,False
Chronos2-ZS,2026-04-08,288.18,257.1706275190227,282.95001127287816,104.67948930661296,497.48036912400244,576,576,100.0,-5.2299887271218495,5.2299887271218495,-31.009372480977333,True,-21.914552807581387,38.817982005248055,261.03545846529676,321.7679932781262,True
Chronos2-ZS,2026-04-09,267.08,257.4834792672773,283.56051558837765,105.78601779501486,524.6551477034218,576,576,100.0,16.48051558837767,16.48051558837767,-9.596520732722695,True,-21.914552807581387,38.817982005248055,261.64596278079625,322.3784975936257,True
Chronos2-ZS,2026-04-10,284.74,249.10162943816977,274.93695211614823,94.33812518477929,525.6085680532668,576,576,100.0,-9.803047883851775,9.803047883851775,-35.63837056183024,True,-21.914552807581387,38.817982005248055,253.02239930856683,313.7549341213963,True
Chronos2-ZS,2026-04-11,268.56,225.28056793351425,245.45087998405236,86.65035801288681,436.1484577324235,576,576,100.0,-23.10912001594764,23.10912001594764,-43.279432066485754,True,-21.914552807581387,38.817982005248055,223.536327176471,284.26886198930043,True
Chronos2-ZS,2026-04-12,233.13,179.03055635478813,193.20899064593286,73.93079189475635,362.6507221606346,576,576,100.0,-39.92100935406714,39.92100935406714,-54.09944364521186,True,-21.914552807581387,38.817982005248055,171.29443783835148,232.02697265118093,False
Chronos2-ZS,2026-04-13,304.24,265.6973287658184,292.4567550775765,114.41681449397903,517.4679629332852,576,576,100.0,-11.783244922423535,11.783244922423535,-38.542671234181626,True,-21.914552807581387,38.817982005248055,270.5422022699951,331.2747370828245,True
Chronos2-ZS,2026-04-14,215.84,264.25207094533835,292.33312720411044,118.32919419135712,537.3456435700907,576,576,100.0,76.49312720411044,76.49312720411044,48.41207094533834,True,-21.914552807581387,38.817982005248055,270.41857439652904,331.1511092093585,False
Chronos2-ZS,2026-04-15,305.09,245.87655314360745,268.80147682249543,95.11495218123024,497.80990952223783,576,576,100.0,-36.288523177504544,36.288523177504544,-59.21344685639252,True,-21.914552807581387,38.817982005248055,246.88692401491403,307.6194588277435,True
Chronos2-ZS,2026-04-16,320.82,276.7485167371924,302.13125450985274,115.66340038155226,510.0988828667167,573,576,99.47916666666667,-18.688745490147255,18.688745490147255,-44.07148326280759,True,-21.914552807581387,38.817982005248055,280.21670170227134,340.9492365151008,True
Chronos2-ZS,2026-04-17,275.66,288.67473356681876,315.93826339187774,131.9180192058261,535.885632720939,575,576,99.82638888888889,40.278263391877715,40.278263391877715,13.014733566818734,True,-21.914552807581387,38.817982005248055,294.02371058429634,354.7562453971258,False
Chronos2-ZS,2026-04-18,273.73,233.95430607220624,253.09138896390044,79.75165178602101,454.35696145149774,576,576,100.0,-20.638611036099576,20.638611036099576,-39.77569392779378,True,-21.914552807581387,38.817982005248055,231.17683615631904,291.9093709691485,True
Chronos2-ZS,2026-04-19,250.82,183.48378283518832,197.42721065436925,76.88292599234484,377.1606139028359,576,576,100.0,-53.392789345630746,53.392789345630746,-67.33621716481167,True,-21.914552807581387,38.817982005248055,175.51265784678787,236.24519265961732,False
Chronos2-ZS,2026-04-20,291.72,272.03241696144687,299.6975984923627,119.83283033098704,531.3355103601257,576,576,100.0,7.977598492362688,7.977598492362688,-19.687583038553157,True,-21.914552807581387,38.817982005248055,277.7830456847813,338.51558049761076,True
Chronos2-ZS,2026-04-21,292.29,267.5693795136176,295.5305001148877,127.23892875270616,556.0186830589049,576,576,100.0,3.240500114887652,3.240500114887652,-24.720620486382415,True,-21.914552807581387,38.817982005248055,273.61594730730627,334.3484821201357,True
Chronos2-ZS,2026-04-22,252.56,259.2403455413878,286.02787851213554,121.62659092811171,525.4271766245073,576,576,100.0,33.46787851213554,33.46787851213554,6.680345541387794,True,-21.914552807581387,38.817982005248055,264.11332570455414,324.8458605173836,False
NPTS,2026-03-09,295.22,249.19,261.44206883818293,55.22912717167715,516.8222677218013,576,576,100.0,-33.777931161817094,33.777931161817094,-46.03000000000003,True,-44.972323550080475,42.486681134728755,216.46974528810244,303.9287499729117,True
NPTS,2026-03-10,311.78,251.02,263.362637076611,54.05093720220557,512.4907410160117,576,576,100.0,-48.417362923388964,48.417362923388964,-60.75999999999996,True,-44.972323550080475,42.486681134728755,218.39031352653052,305.8493182113398,False
NPTS,2026-03-11,271.15,253.82,266.51515972280663,57.16848520740515,518.6298783510288,576,576,100.0,-4.634840277193348,4.634840277193348,-17.329999999999984,True,-44.972323550080475,42.486681134728755,221.54283617272614,309.0018408575354,True
NPTS,2026-03-12,274.74,251.89,264.9503992492982,55.48226306388119,498.0011044044851,576,576,100.0,-9.789600750701823,9.789600750701823,-22.850000000000023,True,-44.972323550080475,42.486681134728755,219.9780756992177,307.43708038402696,True
NPTS,2026-03-13,274.22,252.7,265.6052672678264,57.28719205555,507.0253048756252,576,576,100.0,-8.61473273217365,8.61473273217365,-21.52000000000004,True,-44.972323550080475,42.486681134728755,220.6329437177459,308.09194840255515,True
NPTS,2026-03-14,221.49,255.89000000000001,269.3012065094114,60.461685076857215,504.5809759436707,565,576,98.09027777777777,47.81120650941136,47.81120650941136,34.400000000000006,True,-44.972323550080475,42.486681134728755,224.32888295933088,311.78788764414014,False
NPTS,2026-03-15,190.99,253.97,267.30294090991725,56.32608941419159,505.7936587715061,571,576,99.13194444444444,76.31294090991724,76.31294090991724,62.97999999999999,True,-44.972323550080475,42.486681134728755,222.33061735983676,309.789622044646,False
NPTS,2026-03-16,203.68,174.37,184.9575826577677,35.2176327368652,352.88923946625,382,576,66.31944444444444,-18.72241734223232,18.72241734223232,-29.310000000000002,True,-44.972323550080475,42.486681134728755,139.98525910768723,227.44426379249643,True
NPTS,2026-03-17,280.51,250.76,263.5230613964987,53.591501305748686,502.60438614334356,576,576,100.0,-16.9869386035013,16.9869386035013,-29.75,True,-44.972323550080475,42.486681134728755,218.5507378464182,306.00974253122746,True
NPTS,2026-03-18,260.75,250.3,263.3635669369119,58.084418354575405,482.9301818972093,576,576,100.0,2.6135669369119228,2.6135669369119228,-10.449999999999989,True,-44.972323550080475,42.486681134728755,218.39124338683143,305.8502480716407,True
NPTS,2026-03-19,182.49,252.17,265.89268067820115,58.94709878651349,484.0692414609677,576,576,100.0,83.40268067820114,83.40268067820114,69.67999999999998,True,-44.972323550080475,42.486681134728755,220.92035712812066,308.3793618129299,False
NPTS,2026-03-20,281.19,251.21,265.2808368106105,57.26001442417662,491.1398598899992,576,576,100.0,-15.909163189389517,15.909163189389517,-29.97999999999999,True,-44.972323550080475,42.486681134728755,220.30851326053,307.76751794533925,True
NPTS,2026-03-21,174.28,252.07,266.2758284693562,57.810738498087254,502.69185939456173,576,576,100.0,91.99582846935621,91.99582846935621,77.78999999999999,True,-44.972323550080475,42.486681134728755,221.30350491927572,308.762509604085,False
NPTS,2026-03-22,220.2,249.71,264.0829001254735,55.286254985533894,499.7899647911736,576,576,100.0,43.8829001254735,43.8829001254735,29.51000000000002,True,-44.972323550080475,42.486681134728755,219.110576575393,306.56958126020226,True
NPTS,2026-03-23,290.4,247.14000000000001,261.2078279195654,49.04151110606306,490.614903017709,576,576,100.0,-29.192172080434602,29.192172080434602,-43.25999999999996,True,-44.972323550080475,42.486681134728755,216.2355043694849,303.69450905429414,True
NPTS,2026-03-24,301.67,246.4,259.670293433345,56.780059987956825,509.8608880782867,576,576,100.0,-41.99970656665499,41.99970656665499,-55.27000000000001,True,-44.972323550080475,42.486681134728755,214.69796988326453,302.1569745680738,True
NPTS,2026-03-25,163.13,138.42,147.17367866713803,31.797117815967738,281.93269683028365,312,576,54.166666666666664,-15.956321332861961,15.956321332861961,-24.710000000000008,True,-44.972323550080475,42.486681134728755,102.20135511705756,189.66035980186678,True
NPTS,2026-03-26,335.5,248.52,262.3623214445688,58.51100527207235,496.9410090348854,576,576,100.0,-73.1376785554312,73.1376785554312,-86.97999999999999,True,-44.972323550080475,42.486681134728755,217.38999789448832,304.8490025792976,False
NPTS,2026-03-27,309.1,249.29,263.5583920502741,55.88804180828526,512.3225630011864,576,576,100.0,-45.541607949725915,45.541607949725915,-59.81000000000003,True,-44.972323550080475,42.486681134728755,218.58606850019362,306.0450731850029,False
NPTS,2026-03-28,283.06,251.25,265.7150506075776,59.40985453118054,496.81537251292093,576,576,100.0,-17.344949392422393,17.344949392422393,-31.810000000000002,True,-44.972323550080475,42.486681134728755,220.74272705749712,308.2017317423064,True
NPTS,2026-03-29,207.09,254.11,268.4570648011535,59.56515642260535,501.4848191408503,576,576,100.0,61.367064801153475,61.367064801153475,47.02000000000001,True,-44.972323550080475,42.486681134728755,223.484741251073,310.94374593588225,False
NPTS,2026-03-30,299.97,250.66,264.87284877173164,57.01971543279512,505.21263568767665,576,576,100.0,-35.09715122826839,35.09715122826839,-49.31000000000003,True,-44.972323550080475,42.486681134728755,219.90052522165115,307.3595299064604,True
NPTS,2026-03-31,324.68,252.5,266.13080996536405,61.27358433852937,506.69446631336456,576,576,100.0,-58.549190034635956,58.549190034635956,-72.18,True,-44.972323550080475,42.486681134728755,221.15848641528356,308.6174911000928,False
NPTS,2026-04-01,326.9,253.73,267.7590648173194,63.682470902766,519.2298567523654,576,576,100.0,-59.14093518268055,59.14093518268055,-73.16999999999999,True,-44.972323550080475,42.486681134728755,222.78674126723894,310.2457459520482,False
NPTS,2026-04-02,353.5,253.08,267.2851918650941,65.07206898061735,511.48951162294975,576,576,100.0,-86.21480813490592,86.21480813490592,-100.41999999999999,True,-44.972323550080475,42.486681134728755,222.3128683150136,309.77187299982285,False
NPTS,2026-04-03,313.99,256.88,271.26233738330126,61.61643829153653,524.4322962257346,576,576,100.0,-42.72766261669875,42.72766261669875,-57.110000000000014,True,-44.972323550080475,42.486681134728755,226.29001383322077,313.74901851803,False
NPTS,2026-04-04,235.79,255.86,270.645318161563,65.18872547100236,526.0309327126241,576,576,100.0,34.85531816156302,34.85531816156302,20.07000000000002,True,-44.972323550080475,42.486681134728755,225.67299461148252,313.1319992962918,True
NPTS,2026-04-05,162.47,254.58,269.13610746285394,61.943702894007345,535.4182296183359,576,576,100.0,106.66610746285394,106.66610746285394,92.11000000000001,True,-44.972323550080475,42.486681134728755,224.16378391277345,311.6227885975827,False
NPTS,2026-04-06,254.05,250.69,264.5568706421353,59.069802358148934,510.74789403992963,573,576,99.47916666666667,10.506870642135311,10.506870642135311,-3.3600000000000136,True,-44.972323550080475,42.486681134728755,219.58454709205483,307.0435517768641,True
NPTS,2026-04-07,249.98,254.22,267.9097843670003,60.48403008867228,520.6968440010832,576,576,100.0,17.929784367000337,17.929784367000337,4.240000000000009,True,-44.972323550080475,42.486681134728755,222.93746081691984,310.3964655017291,True
NPTS,2026-04-08,288.18,252.18,266.2514724334883,58.64223562521084,519.2245024171498,576,576,100.0,-21.92852756651172,21.92852756651172,-36.0,True,-44.972323550080475,42.486681134728755,221.2791488834078,308.73815356821706,True
NPTS,2026-04-09,267.08,252.14000000000001,266.09715123132685,58.97135783874598,514.1211397370482,576,576,100.0,-0.9828487686731364,0.9828487686731364,-14.93999999999997,True,-44.972323550080475,42.486681134728755,221.12482768124636,308.5838323660556,True
NPTS,2026-04-10,284.74,254.17,268.8203838495993,58.54914165904141,536.1710294264631,576,576,100.0,-15.919616150400714,15.919616150400714,-30.57000000000002,True,-44.972323550080475,42.486681134728755,223.8480602995188,311.30706498432806,True
NPTS,2026-04-11,268.56,252.5,267.1626384763639,64.60689578302505,516.8384786486687,576,576,100.0,-1.397361523636107,1.397361523636107,-16.060000000000002,True,-44.972323550080475,42.486681134728755,222.1903149262834,309.64931961109266,True
NPTS,2026-04-12,233.13,255.26,269.8522941476208,64.61904180377785,514.7512060276601,576,576,100.0,36.7222941476208,36.7222941476208,22.129999999999995,True,-44.972323550080475,42.486681134728755,224.8799705975403,312.33897528234957,True
NPTS,2026-04-13,304.24,253.67000000000002,268.2201563006904,63.99910917768528,501.0502073694625,576,576,100.0,-36.019843699309604,36.019843699309604,-50.56999999999999,True,-44.972323550080475,42.486681134728755,223.24783275060992,310.7068374354192,True
NPTS,2026-04-14,215.84,252.33,266.5417325896777,60.00726600169257,514.831544435704,576,576,100.0,50.701732589677675,50.701732589677675,36.49000000000001,True,-44.972323550080475,42.486681134728755,221.5694090395972,309.02841372440645,False
NPTS,2026-04-15,305.09,251.23,265.6995192600859,63.49100839794121,509.16764206668944,576,576,100.0,-39.390480739914096,39.390480739914096,-53.859999999999985,True,-44.972323550080475,42.486681134728755,220.7271957100054,308.18620039481465,True
NPTS,2026-04-16,320.82,249.05,263.620387474413,60.91688715707172,512.7996978340841,573,576,99.47916666666667,-57.199612525586986,57.199612525586986,-71.76999999999998,True,-44.972323550080475,42.486681134728755,218.64806392433252,306.1070686091418,False
NPTS,2026-04-17,275.66,250.99,265.3314356488145,62.68735378413581,530.2705884862139,575,576,99.82638888888889,-10.328564351185548,10.328564351185548,-24.670000000000016,True,-44.972323550080475,42.486681134728755,220.359112098734,307.81811678354325,True
NPTS,2026-04-18,273.73,251.79,267.01411901928975,62.243744478020126,527.1707421520483,576,576,100.0,-6.715880980710267,6.715880980710267,-21.940000000000026,True,-44.972323550080475,42.486681134728755,222.04179546920926,309.5008001540185,True
NPTS,2026-04-19,250.82,252.58,267.2924007884235,61.176566889709086,527.9442325356925,576,576,100.0,16.4724007884235,16.4724007884235,1.7600000000000193,True,-44.972323550080475,42.486681134728755,222.320077238343,309.77908192315226,True
NPTS,2026-04-20,291.72,254.11,268.5837590328821,63.347699425892785,523.3089228683691,576,576,100.0,-23.136240967117942,23.136240967117942,-37.610000000000014,True,-44.972323550080475,42.486681134728755,223.6114354828016,311.07044016761085,True
NPTS,2026-04-21,292.29,253.33,267.8240439011224,66.32582330964448,532.9511514296735,576,576,100.0,-24.465956098877598,24.465956098877598,-38.96000000000001,True,-44.972323550080475,42.486681134728755,222.85172035104193,310.3107250358512,True
NPTS,2026-04-22,252.56,253.29,267.87569960972695,68.35979353239026,522.3616926714755,576,576,100.0,15.315699609726948,15.315699609726948,0.7299999999999898,True,-44.972323550080475,42.486681134728755,222.90337605964646,310.3623807444557,True
SeasonalNaive-24,2026-03-09,295.22,207.33,206.75307620991518,63.94413180590956,481.8485730293464,576,576,100.0,-88.46692379008485,88.46692379008485,-87.89000000000001,True,-42.70190521491064,63.562448620416106,164.05117099500455,270.3155248303313,False
SeasonalNaive-24,2026-03-10,311.78,295.22,293.3320615824069,116.91160773507576,568.4275584018382,576,576,100.0,-18.447938417593093,18.447938417593093,-16.559999999999945,True,-42.70190521491064,63.562448620416106,250.63015636749623,356.89451020282297,True
SeasonalNaive-24,2026-03-11,271.15,311.78,309.53685835916986,132.89249183687406,584.6323551786011,576,576,100.0,38.38685835916988,38.38685835916988,40.629999999999995,True,-42.70190521491064,63.562448620416106,266.8349531442592,373.09930697958595,True
SeasonalNaive-24,2026-03-12,274.74,271.15,269.22397077685366,100.38148404255078,544.3194675962849,576,576,100.0,-5.516029223146347,5.516029223146347,-3.590000000000032,True,-42.70190521491064,63.562448620416106,226.522065561943,332.78641939726975,True
SeasonalNaive-24,2026-03-13,274.22,274.74,272.7995474035825,88.88838835398559,547.8950442230137,576,576,100.0,-1.4204525964175332,1.4204525964175332,0.5199999999999818,True,-42.70190521491064,63.562448620416106,230.09764218867184,336.3619960239986,True
SeasonalNaive-24,2026-03-14,221.49,274.22,272.3553411650155,93.94937343351215,547.1208379844467,565,576,98.09027777777777,50.86534116501548,50.86534116501548,52.73000000000002,True,-42.70190521491064,63.562448620416106,229.65343595010484,335.9177897854316,False
SeasonalNaive-24,2026-03-15,190.99,221.58307692307693,220.1578071736055,72.37157194598788,495.1033039930368,571,576,99.13194444444444,29.167807173605496,29.167807173605496,30.59307692307692,True,-42.70190521491064,63.562448620416106,177.45590195869488,283.7202557940216,True
SeasonalNaive-24,2026-03-16,203.68,118.43578947368421,117.81579252850268,31.91302202928175,294.02972169414517,382,576,66.31944444444444,-85.86420747149732,85.86420747149732,-85.2442105263158,True,-42.70190521491064,63.562448620416106,75.11388731359204,181.3782411489188,False
SeasonalNaive-24,2026-03-17,280.51,316.89542857142857,315.2860724244386,117.1316832678862,590.3815692438699,576,576,100.0,34.77607242443861,34.77607242443861,36.38542857142858,True,-42.70190521491064,63.562448620416106,272.58416720952795,378.8485210448547,True
SeasonalNaive-24,2026-03-18,260.75,280.51,278.6658095648514,101.91814031605946,553.7613063842826,576,576,100.0,17.915809564851372,17.915809564851372,19.75999999999999,True,-42.70190521491064,63.562448620416106,235.96390434994072,342.22825818526746,True
SeasonalNaive-24,2026-03-19,182.49,260.75,258.5419880983516,86.54056786022682,533.6374849177829,576,576,100.0,76.05198809835161,76.05198809835161,78.25999999999999,True,-42.70190521491064,63.562448620416106,215.84008288344097,322.1044367187677,False
SeasonalNaive-24,2026-03-20,281.19,182.49,181.1508359031307,37.21137626301282,456.24633272256193,576,576,100.0,-100.03916409686929,100.03916409686929,-98.69999999999999,True,-42.70190521491064,63.562448620416106,138.44893068822006,244.7132845235468,False
SeasonalNaive-24,2026-03-21,174.28,281.19,279.8760770444417,106.06160265817631,554.9715738638729,576,576,100.0,105.59607704444167,105.59607704444167,106.91,True,-42.70190521491064,63.562448620416106,237.17417182953102,343.43852566485776,False
SeasonalNaive-24,2026-03-22,220.2,174.28,173.53861349986548,41.829821593341755,448.6341103192967,576,576,100.0,-46.66138650013451,46.66138650013451,-45.91999999999999,True,-42.70190521491064,63.562448620416106,130.83670828495485,237.1010621202816,True
SeasonalNaive-24,2026-03-23,290.4,220.2,219.77063286848315,84.99667961694428,494.8661296879144,576,576,100.0,-70.62936713151683,70.62936713151683,-70.19999999999999,True,-42.70190521491064,63.562448620416106,177.06872765357252,283.33308148889927,False
SeasonalNaive-24,2026-03-24,301.67,290.4,288.6048705716514,115.78337323692426,563.7003673910826,576,576,100.0,-13.065129428348598,13.065129428348598,-11.270000000000039,True,-42.70190521491064,63.562448620416106,245.90296535674076,352.1673191920675,True
SeasonalNaive-24,2026-03-25,163.13,160.94,160.14206380935303,72.14529712994297,309.15212458654497,312,576,54.166666666666664,-2.9879361906469626,2.9879361906469626,-2.1899999999999977,True,-42.70190521491064,63.562448620416106,117.4401585944424,223.70451242976912,True
SeasonalNaive-24,2026-03-26,335.5,301.1630769230769,299.9446224957771,108.59150057835711,575.0401193152084,576,576,100.0,-35.55537750422292,35.55537750422292,-34.336923076923085,True,-42.70190521491064,63.562448620416106,257.24271728086643,363.5070711161932,True
SeasonalNaive-24,2026-03-27,309.1,335.5,332.94595678260066,147.61708318870893,608.0414536020319,576,576,100.0,23.845956782600638,23.845956782600638,26.399999999999977,True,-42.70190521491064,63.562448620416106,290.24405156769,396.50840540301675,True
SeasonalNaive-24,2026-03-28,283.06,309.1,307.1241152018455,124.04379351518185,582.2196120212767,576,576,100.0,24.064115201845482,24.064115201845482,26.04000000000002,True,-42.70190521491064,63.562448620416106,264.42220998693483,370.6865638222616,True
SeasonalNaive-24,2026-03-29,207.09,283.06,281.0227548023177,99.10601803001072,556.118251621749,576,576,100.0,73.9327548023177,73.9327548023177,75.97,True,-42.70190521491064,63.562448620416106,238.32084958740705,344.5852034227338,False
SeasonalNaive-24,2026-03-30,299.97,207.09,206.0642040218045,51.007981817250865,481.15970084123575,576,576,100.0,-93.90579597819553,93.90579597819553,-92.88000000000002,True,-42.70190521491064,63.562448620416106,163.36229880689388,269.6266526422206,False
SeasonalNaive-24,2026-03-31,324.68,299.97,297.6129186065198,110.56824268284227,572.7084154259511,576,576,100.0,-27.06708139348018,27.06708139348018,-24.70999999999998,True,-42.70190521491064,63.562448620416106,254.91101339160917,361.1753672269359,True
SeasonalNaive-24,2026-04-01,326.9,324.68,323.1690335748647,144.00531437637784,598.264530394296,576,576,100.0,-3.73096642513525,3.73096642513525,-2.2199999999999704,True,-42.70190521491064,63.562448620416106,280.4671283599541,386.7314821952808,True
SeasonalNaive-24,2026-04-02,353.5,326.9,324.98928008683623,133.82943809190795,600.0847769062674,576,576,100.0,-28.51071991316377,28.51071991316377,-26.600000000000023,True,-42.70190521491064,63.562448620416106,282.2873748719256,388.5517287072523,True
SeasonalNaive-24,2026-04-03,313.99,353.5,351.9959262045665,161.07462401830807,627.0914230239978,576,576,100.0,38.00592620456649,38.00592620456649,39.50999999999999,True,-42.70190521491064,63.562448620416106,309.29402098965585,415.5583748249826,True
SeasonalNaive-24,2026-04-04,235.79,313.99,312.1537109906699,117.71069723848927,587.2492078101011,576,576,100.0,76.36371099066989,76.36371099066989,78.20000000000002,True,-42.70190521491064,63.562448620416106,269.4518057757592,375.71615961108597,False
SeasonalNaive-24,2026-04-05,162.47,235.79,233.94904550087477,55.14636608076576,509.044542320306,576,576,100.0,71.47904550087478,71.47904550087478,73.32,True,-42.70190521491064,63.562448620416106,191.24714028596412,297.51149412129087,False
SeasonalNaive-24,2026-04-06,254.05,161.58,160.43297276422012,23.58807332272011,434.8086354679843,573,576,99.47916666666667,-93.61702723577989,93.61702723577989,-92.47,True,-42.70190521491064,63.562448620416106,117.73106754930949,223.99542138463624,False
SeasonalNaive-24,2026-04-07,249.98,255.04285714285714,253.20738860996195,89.48544346084746,528.3028854293932,576,576,100.0,3.227388609961963,3.227388609961963,5.062857142857155,True,-42.70190521491064,63.562448620416106,210.50548339505133,316.7698372303781,True
SeasonalNaive-24,2026-04-08,288.18,249.98,248.4000772387866,80.27041953283884,523.4955740582178,576,576,100.0,-39.77992276121341,39.77992276121341,-38.20000000000002,True,-42.70190521491064,63.562448620416106,205.69817202387594,311.9625258592027,True
SeasonalNaive-24,2026-04-09,267.08,288.18,286.6449849933724,105.42947196959605,561.7404818128036,576,576,100.0,19.564984993372434,19.564984993372434,21.100000000000023,True,-42.70190521491064,63.562448620416106,243.94307977846177,350.2074336137885,True
SeasonalNaive-24,2026-04-10,284.74,267.08,265.4628674520543,79.99308763767488,540.5583642714855,576,576,100.0,-19.277132547945712,19.277132547945712,-17.660000000000025,True,-42.70190521491064,63.562448620416106,222.76096223714364,329.0253160724704,True
SeasonalNaive-24,2026-04-11,268.56,284.74,282.76541972260173,89.60314738447636,557.860916542033,576,576,100.0,14.205419722601732,14.205419722601732,16.180000000000007,True,-42.70190521491064,63.562448620416106,240.06351450769108,346.3278683430178,True
SeasonalNaive-24,2026-04-12,233.13,268.56,266.5436576693947,79.61953378100105,541.639154488826,576,576,100.0,33.413657669394695,33.413657669394695,35.43000000000001,True,-42.70190521491064,63.562448620416106,223.84175245448404,330.1061062898108,True
SeasonalNaive-24,2026-04-13,304.24,233.13,232.12664105303912,79.65112681569477,507.22213787247034,576,576,100.0,-72.11335894696089,72.11335894696089,-71.11000000000001,True,-42.70190521491064,63.562448620416106,189.42473583812847,295.6890896734552,False
SeasonalNaive-24,2026-04-14,215.84,304.24,302.16170463604044,117.26258722099655,577.2572014554717,576,576,100.0,86.32170463604044,86.32170463604044,88.4,True,-42.70190521491064,63.562448620416106,259.4597994211298,365.72415325645653,False
SeasonalNaive-24,2026-04-15,305.09,215.84,214.4536976790036,40.83594048626159,489.5491944984348,576,576,100.0,-90.63630232099638,90.63630232099638,-89.24999999999997,True,-42.70190521491064,63.562448620416106,171.75179246409294,278.0161462994197,False
SeasonalNaive-24,2026-04-16,320.82,302.73,300.49544854465086,114.37577114402839,573.3089822366499,573,576,99.47916666666667,-20.324551455349138,20.324551455349138,-18.089999999999975,True,-42.70190521491064,63.562448620416106,257.7935433297402,364.05789716506695,True
SeasonalNaive-24,2026-04-17,275.66,322.86857142857144,320.30075586884516,120.65708969973682,595.0225205098291,575,576,99.82638888888889,44.64075586884513,44.64075586884513,47.20857142857142,True,-42.70190521491064,63.562448620416106,277.5988506539345,383.86320448926125,False
SeasonalNaive-24,2026-04-18,273.73,276.17434782608694,274.17377077152787,95.48630623355294,549.2692675909591,576,576,100.0,0.44377077152785205,0.44377077152785205,2.4443478260869256,True,-42.70190521491064,63.562448620416106,231.47186555661722,337.73621939194396,True
SeasonalNaive-24,2026-04-19,250.82,273.73,271.8673670877684,88.64428735322291,546.9628639071997,576,576,100.0,21.047367087768407,21.047367087768407,22.910000000000025,True,-42.70190521491064,63.562448620416106,229.16546187285775,335.4298157081845,True
SeasonalNaive-24,2026-04-20,291.72,250.82,249.45537630534173,79.60965896187271,524.5508731247729,576,576,100.0,-42.2646236946583,42.2646236946583,-40.900000000000034,True,-42.70190521491064,63.562448620416106,206.7534710904311,313.01782492575785,True
SeasonalNaive-24,2026-04-21,292.29,291.72,290.01902314087346,105.88191488201862,565.1145199603047,576,576,100.0,-2.270976859126563,2.270976859126563,-0.5699999999999932,True,-42.70190521491064,63.562448620416106,247.3171179259628,353.58147176128955,True
SeasonalNaive-24,2026-04-22,252.56,292.29,290.88072569165087,103.60789876432632,565.9762225110821,576,576,100.0,38.320725691650864,38.320725691650864,39.73000000000002,True,-42.70190521491064,63.562448620416106,248.1788204767402,354.44317431206696,True
